,idVotant,IndiceAccord,Parti,Nom_Parti
0,PA719952,74.0,PO730964,LREM
1,PA607395,71.17117117117117,PO730964,LREM
2,PA718710,76.12095933263817,PO730964,LREM
3,PA718802,74.70588235294117,PO730964,LREM
4,PA719032,74.86095661846495,PO730964,LREM
5,PA719100,72.81795511221945,PO730964,LREM
6,PA719108,71.41119221411192,PO730964,LREM
7,PA719154,74.23913043478261,PO730964,LREM
8,PA719230,75.36764705882352,PO730964,LREM
9,PA719388,73.42767295597484,PO730964,LREM
10,PA719728,72.12020033388981,PO730964,LREM
11,PA719790,74.46457990115321,PO730964,LREM
12,PA719814,73.06122448979592,PO730964,LREM
13,PA719830,77.32718894009216,PO730964,LREM
14,PA719882,74.51456310679612,PO730964,LREM
15,PA719960,76.23089983022071,PO730964,LREM
16,PA720022,74.26229508196721,PO730964,LREM
17,PA720030,71.59533073929961,PO730964,LREM
18,PA720108,77.40303541315345,PO730964,LREM
19,PA720146,72.74220032840722,PO730964,LREM
20,PA720154,76.44017725258493,PO730964,LREM
21,PA720268,76.81818181818181,PO730964,LREM
22,PA720754,74.84375,PO730964,LREM
23,PA721158,75.6140350877193,PO730964,LREM
24,PA721450,73.60627177700349,PO730964,LREM
25,PA721750,75.88235294117646,PO730964,LREM
26,PA721776,73.26530612244898,PO730964,LREM
27,PA721844,74.7907949790795,PO730964,LREM
28,PA722046,74.83069977426636,PO730964,LREM
29,PA722094,74.35897435897436,PO730964,LREM
30,PA722170,76.14503816793892,PO730964,LREM
31,PA722228,74.62039045553145,PO730964,LREM
32,PA722336,77.50455373406193,PO730964,LREM
33,PA722194,74.54954954954955,PO730964,LREM
34,PA721674,75.49019607843137,PO730964,LREM
35,PA345722,38.19444444444444,PO730934,LR
36,PA720210,36.86440677966102,PO730934,LR
37,PA720644,41.566265060240966,PO730934,LR
38,PA608826,42.016806722689076,PO730934,LR
39,PA266797,39.285714285714285,PO730934,LR
40,PA719318,39.897039897039896,PO730934,LR
41,PA720630,40.89521871820956,PO730934,LR
42,PA721506,38.07982740021575,PO730934,LR
43,PA266793,37.20508166969147,PO730934,LR
44,PA720598,69.66101694915254,PO774834,MoDem
45,PA342415,34.13533834586466,PO758835,Socialistes
46,PA608741,25.981873111782477,PO758835,Socialistes
47,PA340357,32.278481012658226,PO758835,Socialistes
48,PA331567,65.71428571428571,PO771923,Agir Ensemble
49,PA642868,59.442332065906214,PO771923,Agir Ensemble
50,PA267780,63.87434554973822,PO771923,Agir Ensemble
51,PA719806,48.61788617886179,PO771889,UDI_Independants
52,PA1838,35.63218390804598,PO759900,Libertés et Territoires
53,PA721194,54.69613259668509,PO759900,Libertés et Territoires
54,PA722268,71.04337631887456,PO759900,Libertés et Territoires
55,PA719608,38.02559414990859,PO723569,Non inscrits
56,PA721852,77.33050847457628,PO730964,LREM
57,PA719024,75.02420135527589,PO730964,LREM
58,PA719080,76.89573459715639,PO730964,LREM
59,PA719170,74.0909090909091,PO730964,LREM
60,PA719372,75.2420470262794,PO730964,LREM
61,PA719420,73.30210772833723,PO730964,LREM
62,PA719684,73.14629258517033,PO730964,LREM
63,PA719850,75.68555758683729,PO730964,LREM
64,PA720298,68.45386533665835,PO730964,LREM
65,PA720830,75.90861889927311,PO730964,LREM
66,PA721134,76.48809523809523,PO730964,LREM
67,PA721344,74.56140350877193,PO730964,LREM
68,PA721542,77.69289533995416,PO730964,LREM
69,PA722382,77.28813559322035,PO730964,LREM
70,PA1327,45.033112582781456,PO730934,LR
71,PA608016,38.79641485275288,PO730934,LR
72,PA718978,71.55025553662692,PO730970,MoDem
73,PA720652,73.30754352030948,PO730970,MoDem
74,PA331582,41.86046511627907,PO759900,Libertés et Territoires
75,PA643127,78.68852459016394,PO730964,LREM
76,PA720790,70.08547008547008,PO730964,LREM
77,PA607595,74.70449172576832,PO730964,LREM
78,PA720492,74.14561664190194,PO730964,LREM
79,PA718954,72.06823027718549,PO730964,LREM
80,PA719186,76.6260162601626,PO730964,LREM
81,PA719242,77.2382397572079,PO730964,LREM
82,PA719472,76.8172888015717,PO730964,LREM
83,PA719540,71.99281867145422,PO730964,LREM
84,PA719616,75.56053811659193,PO730964,LREM
85,PA719710,75.36231884057972,PO730964,LREM
86,PA719740,74.46197991391679,PO730964,LREM
87,PA719756,74.78833490122295,PO730964,LREM
88,PA719798,77.22543352601156,PO730964,LREM
89,PA719890,76.60944206008584,PO730964,LREM
90,PA719922,72.85886610373944,PO730964,LREM
91,PA719994,76.0233918128655,PO730964,LREM
92,PA643175,71.95945945945947,PO730964,LREM
93,PA720222,77.10727969348659,PO730964,LREM
94,PA720362,76.04166666666666,PO730964,LREM
95,PA720446,76.62337662337663,PO730964,LREM
96,PA720500,71.63120567375887,PO730964,LREM
97,PA720520,75.47169811320755,PO730964,LREM
98,PA720622,54.86910994764398,PO730964,LREM
99,PA720738,75.74468085106383,PO730964,LREM
100,PA720862,71.80527383367141,PO730964,LREM
101,PA720878,76.5685019206146,PO730964,LREM
102,PA720900,75.22935779816514,PO730964,LREM
103,PA720908,75.65217391304347,PO730964,LREM
104,PA721150,76.23456790123457,PO730964,LREM
105,PA721246,68.56581532416503,PO730964,LREM
106,PA721584,75.1334044823906,PO730964,LREM
107,PA721656,76.5432098765432,PO730964,LREM
108,PA721916,76.95800227014756,PO730964,LREM
109,PA722150,67.62295081967213,PO730964,LREM
110,PA722366,75.92592592592592,PO730964,LREM
111,PA642695,74.05714285714285,PO730964,LREM
112,PA720334,69.04422253922966,PO730970,MoDem
113,PA720728,73.49869451697127,PO730970,MoDem
114,PA721924,70.19047619047619,PO730970,MoDem
115,PA719918,64.73214285714286,PO730970,MoDem
116,PA2952,60.71428571428571,PO767217,UDI_Agir
117,PA720230,58.60349127182045,PO767217,UDI_Agir
118,PA721632,67.48329621380846,PO767217,UDI_Agir
119,PA721824,28.53333333333333,PO730964,LREM
120,PA720422,27.189781021897808,PO730958,France Insoumise
121,PA721202,28.480204342273307,PO730958,France Insoumise
122,PA722398,76.14213197969542,PO730964,LREM
123,PA719118,69.3820224719101,PO730964,LREM
124,PA719668,71.875,PO730964,LREM
125,PA605963,73.46600331674958,PO730964,LREM
126,PA718674,72.09302325581395,PO730964,LREM
127,PA718694,75.7975797579758,PO730964,LREM
128,PA718736,75.47169811320755,PO730964,LREM
129,PA718930,72.09302325581395,PO730964,LREM
130,PA718962,76.13776137761377,PO730964,LREM
131,PA719006,72.93666026871402,PO730964,LREM
132,PA719060,72.99771167048054,PO730964,LREM
133,PA719092,66.52267818574515,PO730964,LREM
134,PA719162,73.86231038506418,PO730964,LREM
135,PA719250,74.02597402597402,PO730964,LREM
136,PA719338,78.18181818181819,PO730964,LREM
137,PA719412,69.44444444444444,PO730964,LREM
138,PA719980,73.70304114490162,PO730964,LREM
139,PA720054,75.34246575342466,PO730964,LREM
140,PA720214,69.94301994301995,PO730964,LREM
141,PA720318,77.20670391061452,PO730964,LREM
142,PA720378,76.22478386167147,PO730964,LREM
143,PA720394,74.78134110787173,PO730964,LREM
144,PA720560,76.37681159420289,PO730964,LREM
145,PA720576,74.25925925925925,PO730964,LREM
146,PA720590,74.81559536354057,PO730964,LREM
147,PA720780,75.28571428571429,PO730964,LREM
148,PA720870,74.70930232558139,PO730964,LREM
149,PA721218,75.177304964539,PO730964,LREM
150,PA721466,76.28004179728318,PO730964,LREM
151,PA721498,71.63904235727439,PO730964,LREM
152,PA721514,74.2014742014742,PO730964,LREM
153,PA721568,71.31367292225201,PO730964,LREM
154,PA721616,75.34766118836916,PO730964,LREM
155,PA721644,73.35984095427436,PO730964,LREM
156,PA721726,73.00995024875621,PO730964,LREM
157,PA721784,75.20161290322581,PO730964,LREM
158,PA721946,75.0332005312085,PO730964,LREM
159,PA722008,73.18982387475538,PO730964,LREM
160,PA722244,75.89285714285714,PO730964,LREM
161,PA724827,73.9406779661017,PO730964,LREM
162,PA721734,73.15634218289085,PO730970,MoDem
163,PA719640,71.46254458977408,PO730970,MoDem
164,PA720720,62.93706293706294,PO730970,MoDem
165,PA721234,65.39074960127593,PO730970,MoDem
166,PA721836,72.62693156732892,PO730970,MoDem
167,PA721976,71.72264355362947,PO730970,MoDem
168,PA721062,31.906614785992215,PO730958,France Insoumise
169,PA722142,27.40899357601713,PO730958,France Insoumise
170,PA642847,40.7563025210084,PO730934,LR
171,PA721296,74.63235294117648,PO730964,LREM
172,PA718810,73.83918459796149,PO730964,LREM
173,PA677483,74.17218543046357,PO730964,LREM
174,PA719202,73.33333333333333,PO730964,LREM
175,PA719294,75.23809523809524,PO730964,LREM
176,PA719866,77.92056074766354,PO730964,LREM
177,PA720124,73.2739420935412,PO730964,LREM
178,PA720454,73.98843930635837,PO730964,LREM
179,PA720806,77.05882352941177,PO730964,LREM
180,PA721024,74.0053050397878,PO730964,LREM
181,PA721352,71.92118226600985,PO730964,LREM
182,PA721888,73.89312977099237,PO730964,LREM
183,PA721908,76.08695652173914,PO730964,LREM
184,PA722070,74.23971377459749,PO730964,LREM
185,PA718784,37.88187372708758,PO730934,LR
186,PA721984,67.5257731958763,PO730970,MoDem
187,PA721486,46.60493827160494,PO744425,UDI_Agir
188,PA755549,64.19753086419753,PO759900,Libertés et Territoires
189,PA721932,32.450331125827816,PO723569,Non inscrits
190,PA721262,75.06561679790026,PO730964,LREM
191,PA606202,71.51162790697676,PO730964,LREM
192,PA717379,75.0485436893204,PO730964,LREM
193,PA719440,75.8893280632411,PO730964,LREM
194,PA719512,76.52671755725191,PO730964,LREM
195,PA721142,62.45954692556634,PO730964,LREM
196,PA721278,75.23629489603024,PO730964,LREM
197,PA721426,74.84276729559748,PO730964,LREM
198,PA721434,73.9344262295082,PO730964,LREM
199,PA721710,74.85080988917306,PO730964,LREM
200,PA722038,73.72134038800705,PO730964,LREM
201,PA722292,75.58348294434471,PO730964,LREM
202,PA721742,71.30528586839266,PO730970,MoDem
203,PA722374,72.96137339055794,PO730970,MoDem
204,PA330008,36.62337662337662,PO730934,LR
205,PA605991,36.69849931787176,PO730934,LR
206,PA608416,45.22821576763486,PO730934,LR
207,PA721286,41.43426294820717,PO730934,LR
208,PA672,78.38899803536346,PO730964,LREM
209,PA718756,73.78335949764521,PO730964,LREM
210,PA719350,71.7687074829932,PO730964,LREM
211,PA719364,73.70689655172413,PO730964,LREM
212,PA719550,73.64016736401673,PO730964,LREM
213,PA719692,74.05189620758483,PO730964,LREM
214,PA719770,69.0909090909091,PO730964,LREM
215,PA719858,76.53575025176234,PO730964,LREM
216,PA720116,70.05494505494505,PO730964,LREM
217,PA720170,74.55716586151368,PO730964,LREM
218,PA720202,60.8058608058608,PO730964,LREM
219,PA720854,74.43408788282291,PO730964,LREM
220,PA720960,66.66666666666666,PO730964,LREM
221,PA721328,74.20212765957447,PO730964,LREM
222,PA721600,72.57575757575758,PO730964,LREM
223,PA722022,70.5,PO730964,LREM
224,PA722062,71.7455621301775,PO730964,LREM
225,PA722178,73.24675324675324,PO730964,LREM
226,PA702054,71.671388101983,PO730964,LREM
227,PA719326,76.93236714975845,PO730964,LREM
228,PA722090,74.42455242966753,PO730964,LREM
229,PA720516,76.0932944606414,PO730964,LREM
230,PA719736,70.34883720930233,PO730964,LREM
231,PA606098,35.47486033519553,PO730934,LR
232,PA721816,41.687979539641944,PO730934,LR
233,PA643089,43.24324324324324,PO730934,LR
234,PA721832,41.1214953271028,PO730934,LR
235,PA722308,38.88888888888889,PO730934,LR
236,PA719488,70.40169133192389,PO730970,MoDem
237,PA720256,70.17045454545455,PO730970,MoDem
238,PA720326,69.02985074626866,PO730970,MoDem
239,PA721182,76.01246105919003,PO730970,MoDem
240,PA722162,75.40500736377025,PO730970,MoDem
241,PA720568,68.04245283018868,PO771889,UDI_Independants
242,PA342601,44.881889763779526,PO771889,UDI_Independants
243,PA606171,24.43418013856813,PO730964,LREM
244,PA607553,31.569965870307165,PO758835,Socialistes
245,PA719930,27.439024390243905,PO758835,Socialistes
246,PA719194,70.3056768558952,PO730964,LREM
247,PA720162,73.6738703339882,PO730970,MoDem
248,PA720746,46.837146702557206,PO730970,MoDem
249,PA719138,29.531568228105908,PO759900,Libertés et Territoires
250,PA336175,35.43689320388349,PO759900,Libertés et Territoires
251,PA606507,68.29268292682927,PO730964,LREM
252,PA720944,76.73830594184577,PO730964,LREM
253,PA721702,72.26890756302521,PO730964,LREM
254,PA721418,72.37288135593221,PO730970,MoDem
255,PA719266,70.56074766355141,PO730970,MoDem
256,PA719558,71.61016949152543,PO730970,MoDem
257,PA719874,66.58595641646488,PO730970,MoDem
258,PA268019,53.72549019607843,PO744425,UDI_Agir
259,PA267330,46.44808743169399,PO744425,UDI_Agir
260,PA720996,53.18181818181819,PO759900,Libertés et Territoires
261,PA720684,39.1869918699187,PO730934,LR
262,PA2828,69.38775510204081,PO730964,LREM
263,PA721880,76.20578778135048,PO730964,LREM
264,PA718744,62.00527704485488,PO730964,LREM
265,PA719330,77.27272727272727,PO730964,LREM
266,PA719624,73.98989898989899,PO730964,LREM
267,PA719660,79.84496124031007,PO730964,LREM
268,PA719748,71.58590308370044,PO730964,LREM
269,PA720066,74.72868217054264,PO730964,LREM
270,PA720552,72.05882352941177,PO730964,LREM
271,PA720916,74.92447129909365,PO730964,LREM
272,PA721364,71.86046511627907,PO730964,LREM
273,PA722102,74.65224111282845,PO730964,LREM
274,PA712015,36.19489559164733,PO730934,LR
275,PA748954,40.707964601769916,PO730934,LR
276,PA720976,52.76381909547738,PO730970,MoDem
277,PA332228,49.18224299065421,PO744425,UDI_Agir
278,PA721410,38.83495145631068,PO730934,LR
279,PA333421,40.36363636363636,PO730952,Les Constructifs
280,PA719632,76.21052631578948,PO730964,LREM
281,PA719718,76.66666666666667,PO730964,LREM
282,PA720538,59.30521091811415,PO730964,LREM
283,PA721372,76.69902912621359,PO730964,LREM
284,PA722000,77.07865168539327,PO730964,LREM
285,PA267204,40.76923076923077,PO730934,LR
286,PA721530,71.52173913043478,PO730970,MoDem
287,PA607619,38.666666666666664,PO759900,Libertés et Territoires
288,PA337483,29.19254658385093,PO730946,Nouvelle Gauche
289,PA2449,74.31372549019608,PO730964,LREM
290,PA719592,69.47368421052632,PO730964,LREM
291,PA719652,76.16766467065868,PO730964,LREM
292,PA719778,74.95682210708118,PO730964,LREM
293,PA719972,74.88299531981279,PO730964,LREM
294,PA720138,60.6425702811245,PO730964,LREM
295,PA720190,72.39488117001828,PO730964,LREM
296,PA720278,61.20218579234973,PO730964,LREM
297,PA720414,76.08391608391608,PO730964,LREM
298,PA721166,71.64179104477611,PO730964,LREM
299,PA721458,76.89969604863222,PO730964,LREM
300,PA1695,42.44031830238727,PO730934,LR
301,PA720764,69.64285714285714,PO730970,MoDem
302,PA720968,62.72040302267003,PO730970,MoDem
303,PA722284,66.43717728055077,PO730970,MoDem
304,PA610775,47.32142857142857,PO744425,UDI_Agir
305,PA722252,76.27118644067797,PO730964,LREM
306,PA718944,74.4186046511628,PO730964,LREM
307,PA720402,75.74931880108991,PO730964,LREM
308,PA720480,76.02941176470588,PO730964,LREM
309,PA643205,75.05330490405117,PO730964,LREM
310,PA331835,71.12860892388451,PO730964,LREM
311,PA719520,75.30434782608695,PO730964,LREM
312,PA719310,77.17678100263852,PO730964,LREM
313,PA719496,73.8562091503268,PO730964,LREM
314,PA719570,74.375,PO730964,LREM
315,PA720014,78.0982905982906,PO730964,LREM
316,PA720386,36.569148936170215,PO730934,LR
317,PA722126,65.32663316582915,PO771789,Ecologie Démocratie Solidarité
318,PA856,38.770053475935825,PO730934,LR
319,PA718682,69.81132075471697,PO730964,LREM
320,PA719130,71.63009404388715,PO730964,LREM
321,PA720046,74.36332767402376,PO730964,LREM
322,PA721522,72.53521126760563,PO730964,LREM
323,PA722134,74.12698412698413,PO730964,LREM
324,PA722320,74.4186046511628,PO730964,LREM
325,PA720696,53.221288515406165,PO730952,Les Constructifs
326,PA333285,30.708661417322837,PO730946,Nouvelle Gauche
327,PA718794,75.20938023450586,PO730964,LREM
328,PA720342,74.25149700598801,PO730964,LREM
329,PA721036,62.913907284768214,PO730964,LREM
330,PA721624,74.55089820359282,PO730964,LREM
331,PA722344,64.68926553672316,PO730964,LREM
332,PA719480,67.6056338028169,PO730964,LREM
333,PA721608,66.3265306122449,PO730970,MoDem
334,PA607155,71.08695652173913,PO730964,LREM
335,PA718876,74.47447447447448,PO730964,LREM
336,PA718894,75.19623233908949,PO730964,LREM
337,PA719700,74.93403693931398,PO730964,LREM
338,PA721678,38.92617449664429,PO730934,LR
339,PA335999,32.02614379084967,PO723569,Non inscrits
340,PA760658,74.52830188679245,PO730964,LREM
341,PA1276,63.87096774193548,PO730970,MoDem
342,PA1874,30.73446327683616,PO730934,LR
343,PA332747,19.446704637917005,PO730964,LREM
344,PA718910,68.76404494382022,PO730964,LREM
345,PA719842,73.54838709677419,PO730964,LREM
346,PA720074,71.0801393728223,PO730964,LREM
347,PA720932,74.33439829605963,PO730964,LREM
348,PA721336,73.52472089314195,PO730964,LREM
349,PA718768,74.44933920704845,PO730964,LREM
350,PA608641,70.63829787234043,PO730964,LREM
351,PA719456,71.42857142857143,PO730964,LREM
352,PA720354,77.19298245614034,PO730964,LREM
353,PA720370,68.28478964401295,PO730964,LREM
354,PA267901,38.009049773755656,PO730934,LR
355,PA2960,50.90909090909091,PO730934,LR
356,PA942,51.32743362831859,PO759900,Libertés et Territoires
357,PA717167,70.05076142131979,PO730964,LREM
358,PA642935,55.670103092783506,PO771923,Agir Ensemble
359,PA712014,64.3598615916955,PO771923,Agir Ensemble
360,PA719072,73.17620650953984,PO730964,LREM
361,PA719218,69.79472140762464,PO730964,LREM
362,PA721398,72.41379310344827,PO730964,LREM
363,PA719448,68.32579185520362,PO771789,Ecologie Démocratie Solidarité
364,PA334768,63.125,PO730964,LREM
365,PA721792,73.24478178368122,PO730964,LREM
366,PA721808,73.9344262295082,PO730964,LREM
367,PA2377,40.56603773584906,PO730934,LR
368,PA267318,42.26415094339623,PO730934,LR
369,PA722300,72.14484679665738,PO730964,LREM
370,PA267378,41.04803493449782,PO730934,LR
371,PA267042,41.47727272727273,PO759900,Libertés et Territoires
372,PA332523,40.053763440860216,PO730934,LR
373,PA267440,40.58441558441558,PO730934,LR
374,PA721094,46.835443037974684,PO744425,UDI_Agir
375,PA718990,72.14765100671141,PO730964,LREM
376,PA719528,76.02179836512262,PO730964,LREM
377,PA719822,70.03484320557492,PO730964,LREM
378,PA719044,68.08905380333951,PO730970,MoDem
379,PA719942,70.98765432098766,PO730970,MoDem
380,PA721996,75.67567567567568,PO730970,MoDem
381,PA721560,73.78048780487805,PO730964,LREM
382,PA720892,29.271708683473392,PO730958,France Insoumise
383,PA721960,29.471316085489313,PO730958,France Insoumise
384,PA721896,29.20962199312715,PO730940,Gauche Dem et Rep
385,PA508,30.082644628099175,PO758835,Socialistes
386,PA721110,53.81165919282511,PO744425,UDI_Agir
387,PA720846,31.273408239700373,PO730958,France Insoumise
388,PA718926,28.69481765834933,PO730940,Gauche Dem et Rep
389,PA605069,30.76923076923077,PO758835,Socialistes
390,PA718868,31.004366812227076,PO730958,France Insoumise
391,PA720286,30.46953046953047,PO730958,France Insoumise
392,PA267306,26.194690265486724,PO730940,Gauche Dem et Rep
393,PA722110,27.4442538593482,PO730940,Gauche Dem et Rep
394,PA719578,33.116883116883116,PO730958,France Insoumise
395,PA335612,29.72560975609756,PO730940,Gauche Dem et Rep
396,PA718918,76.18181818181819,PO730964,LREM
397,PA719052,72.46376811594203,PO730964,LREM
398,PA719302,74.58563535911603,PO730964,LREM
399,PA719396,68.32579185520362,PO730964,LREM
400,PA719404,73.49726775956285,PO730964,LREM
401,PA719600,75.56221889055472,PO730964,LREM
402,PA720814,72.95774647887325,PO730964,LREM
403,PA721004,71.47651006711409,PO730964,LREM
404,PA720772,72.67206477732793,PO730970,MoDem
405,PA335054,34.78260869565217,PO730946,Nouvelle Gauche
406,PA607193,73.72881355932203,PO730964,LREM
407,PA721690,74.20494699646643,PO730964,LREM
408,PA719504,62.54980079681275,PO730970,MoDem
409,PA267355,64.02640264026402,PO744425,UDI_Agir
410,PA609726,38.775510204081634,PO730934,LR
411,PA721474,40.04282655246253,PO730934,LR
412,PA720586,37.39424703891709,PO730934,LR
413,PA721968,34.31372549019608,PO730934,LR
414,PA718884,38.60911270983213,PO730934,LR
415,PA330909,36.0655737704918,PO730934,LR
416,PA643134,37.61904761904762,PO730934,LR
417,PA607090,35.84905660377358,PO730934,LR
418,PA605518,47.01754385964912,PO759900,Libertés et Territoires
419,PA719286,35.15625,PO759900,Libertés et Territoires
420,PA721718,71.95121951219512,PO730964,LREM
421,PA722312,72.96587926509186,PO730964,LREM
422,PA722240,74.47916666666666,PO730964,LREM
423,PA1012,37.4251497005988,PO730934,LR
424,PA713448,42.69662921348314,PO730934,LR
425,PA267766,43.346007604562736,PO767217,UDI_Agir
426,PA330240,40.966921119592875,PO730934,LR
427,PA267785,39.002932551319645,PO730934,LR
428,PA720606,37.28813559322034,PO723569,Non inscrits
429,PA720438,71.49532710280374,PO730964,LREM
430,PA721270,27.40331491712707,PO730940,Gauche Dem et Rep
431,PA608172,30.95512082853855,PO758835,Socialistes
432,PA718720,26.855123674911663,PO730940,Gauche Dem et Rep
433,PA720430,28.645833333333332,PO730958,France Insoumise
434,PA722202,24.297752808988765,PO730940,Gauche Dem et Rep
435,PA718728,64.61988304093568,PO730964,LREM
436,PA608695,33.957845433255265,PO758835,Socialistes
437,PA720988,37.01149425287356,PO730946,Nouvelle Gauche
438,PA720310,74.09836065573771,PO730964,LREM
439,PA722118,68.66197183098592,PO730964,LREM
440,PA719272,35.38461538461539,PO730934,LR
441,PA718902,77.5811209439528,PO730964,LREM
442,PA721126,37.2960372960373,PO730934,LR
443,PA267200,41.509433962264154,PO730934,LR
444,PA266808,32.35294117647059,PO730934,LR
445,PA267429,37.86407766990291,PO730934,LR
446,PA718838,33.496332518337404,PO730934,LR
447,PA718860,31.274900398406373,PO730958,France Insoumise
448,PA721872,83.07692307692308,PO730964,LREM
449,PA722218,74.44444444444444,PO730964,LREM
450,PA720246,80.73394495412845,PO730964,LREM
451,PA342240,47.61904761904761,PO730934,LR
452,PA342196,31.343283582089555,PO758835,Socialistes
453,PA695100,44.642857142857146,PO771889,UDI_Independants
454,PA719436,38.405797101449274,PO723569,Non inscrits
455,PA702052,44.81707317073171,PO744425,UDI_Agir
456,PA720704,72.72727272727273,PO730970,MoDem
457,PA267289,44.60227272727273,PO730934,LR
458,PA267260,33.035714285714285,PO730934,LR
459,PA721384,74.86486486486487,PO730964,LREM
460,PA605036,44.230769230769226,PO730934,LR
461,PA605131,79.41176470588235,PO730964,LREM
462,PA722082,76.66666666666667,PO730964,LREM
463,PA722280,34.285714285714285,PO730934,LR
464,PA720488,47.91666666666667,PO771889,UDI_Independants
465,PA718850,36.241610738255034,PO730934,LR
466,PA267527,33.04347826086956,PO730934,LR
467,PA1008,31.937984496124034,PO730946,Nouvelle Gauche
468,PA642764,31.697341513292432,PO758835,Socialistes
469,PA267735,37.76978417266187,PO730934,LR
470,PA719946,46.715328467153284,PO730934,LR
471,PA709315,39.439655172413794,PO730934,LR
472,PA774954,46.51162790697674,PO730934,LR
473,PA721046,36.99421965317919,PO730934,LR
474,PA266776,38.556067588325654,PO730934,LR
475,PA346876,60.3896103896104,PO730964,LREM
476,PA720928,87.71929824561403,PO774834,MoDem
477,PA2155,39.51048951048951,PO730934,LR
478,PA719258,75.34246575342466,PO730964,LREM
479,PA267450,41.11111111111111,PO730934,LR
480,PA332614,26.041666666666668,PO758835,Socialistes
481,PA720092,62.857142857142854,PO730970,MoDem
482,PA342935,41.74757281553398,PO730934,LR
483,PA720178,69.73180076628353,PO730970,MoDem
484,PA606639,67.12328767123287,PO730964,LREM
485,PA1592,26.194690265486724,PO758835,Socialistes
486,PA605084,68.34170854271356,PO730964,LREM
487,PA717151,66.9683257918552,PO730970,MoDem
488,PA2150,31.61764705882353,PO730958,France Insoumise
489,PA267324,39.44954128440367,PO730934,LR
490,PA343493,68.80733944954129,PO730964,LREM
491,PA767,38.59649122807017,PO730934,LR
492,PA642724,66.08695652173913,PO730964,LREM
493,PA2796,43.44262295081967,PO730934,LR
494,PA719210,62.80193236714976,PO730970,MoDem
495,PA722030,51.724137931034484,PO744425,UDI_Agir
496,PA722260,65.54621848739495,PO771789,Ecologie Démocratie Solidarité
497,PA334116,65.82914572864321,PO730964,LREM
498,PA721800,70.09803921568627,PO730964,LREM
499,PA721864,64.86486486486487,PO730964,LREM
500,PA721054,39.823008849557525,PO730934,LR
501,PA759192,37.142857142857146,PO730934,LR
502,PA722358,74.71698113207546,PO771923,Agir Ensemble
503,PA608292,32.761087267525035,PO759900,Libertés et Territoires
504,PA722390,38.82063882063882,PO730934,LR
505,PA405480,29.82456140350877,PO759900,Libertés et Territoires
506,PA719146,29.051987767584098,PO723569,Non inscrits
507,PA336439,43.506493506493506,PO759900,Libertés et Territoires
508,PA1198,32.047477744807125,PO758835,Socialistes
509,PA718780,37.94642857142857,PO730934,LR
510,PA720038,72.01834862385321,PO759900,Libertés et Territoires
511,PA721174,63.18407960199005,PO723569,Non inscrits
512,PA346054,37.41496598639456,PO730934,LR
513,PA720546,24.59016393442623,PO730940,Gauche Dem et Rep
514,PA719464,54.97076023391813,PO730964,LREM
515,PA267337,80.0,PO730964,LREM
516,PA721538,83.33333333333334,PO730964,LREM
517,PA720006,86.20689655172413,PO774834,MoDem
518,PA340343,28.24267782426778,PO758835,Socialistes
519,PA721314,38.392857142857146,PO730934,LR
520,PA720100,33.54632587859425,PO730934,LR
521,PA689,36.17021276595745,PO730940,Gauche Dem et Rep
522,PA720614,45.33898305084746,PO723569,Non inscrits
523,PA719676,32.85302593659942,PO730958,France Insoumise
524,PA421348,47.44525547445255,PO744425,UDI_Agir
525,PA721118,32.64248704663213,PO730940,Gauche Dem et Rep
526,PA266788,38.862559241706165,PO744425,UDI_Agir
527,PA923,40.25974025974026,PO730934,LR
528,PA588884,30.41095890410959,PO730958,France Insoumise
529,PA720822,41.75824175824176,PO723569,Non inscrits
530,PA1206,28.40909090909091,PO723569,Non inscrits
531,PA720692,25.5,PO730940,Gauche Dem et Rep
532,PA643145,31.851851851851855,PO730946,Nouvelle Gauche
533,PA774960,46.42857142857143,PO758835,Socialistes
534,PA720468,34.967320261437905,PO723569,Non inscrits
535,PA720952,60.24096385542169,PO771789,Ecologie Démocratie Solidarité
536,PA336316,40.0,PO730934,LR
537,PA609590,26.17554858934169,PO758835,Socialistes
538,PA721226,27.397260273972602,PO730958,France Insoumise
539,PA746,45.0261780104712,PO730934,LR
540,PA643103,35.15981735159817,PO730934,LR
541,PA609332,28.526645768025077,PO730946,Nouvelle Gauche
542,PA1809,28.971962616822427,PO730946,Nouvelle Gauche
543,PA333818,35.714285714285715,PO758835,Socialistes
544,PA605694,35.374149659863946,PO759900,Libertés et Territoires
545,PA998,52.5,PO730934,LR
546,PA2529,38.67924528301887,PO730934,LR
547,PA1630,38.582677165354326,PO730934,LR
548,PA2492,41.35338345864661,PO730934,LR
549,PA1029,43.63636363636363,PO730934,LR
550,PA223837,40.76433121019109,PO730934,LR
551,PA267794,47.61904761904761,PO730934,LR
552,PA721636,42.01183431952663,PO730934,LR
553,PA330788,39.44954128440367,PO730934,LR
554,PA721070,46.06741573033708,PO730934,LR
555,PA721012,39.795918367346935,PO730940,Gauche Dem et Rep
556,PA643157,36.206896551724135,PO758835,Socialistes
557,PA643192,45.16129032258064,PO758835,Socialistes
558,PA721210,32.25806451612903,PO730958,France Insoumise
559,PA721768,88.46153846153845,PO730964,LREM
560,PA610667,28.666666666666668,PO730940,Gauche Dem et Rep
561,PA610654,34.285714285714285,PO730940,Gauche Dem et Rep
562,PA719020,36.36363636363637,PO730934,LR
563,PA720672,31.25,PO730934,LR
564,PA721666,58.333333333333336,PO730934,LR
565,PA720664,32.33532934131736,PO723569,Non inscrits
566,PA721576,25.925925925925924,PO730934,LR
567,PA604,21.052631578947366,PO730934,LR
568,PA774952,26.08695652173913,PO730934,LR
569,PA774956,16.666666666666664,PO730934,LR
570,PA720802,36.0,PO723569,Non inscrits
571,PA643004,27.27272727272727,PO771889,UDI_Independants
572,PA719002,14.285714285714285,PO730934,LR
573,PA774958,14.583333333333334,PO758835,Socialistes
574,PA774962,40.0,PO730940,Gauche Dem et Rep
