idScrutin,nbrabstention,ratioabstention
0,519,0.9026086956521739
1,542,0.9426086956521739
10,541,0.9408695652173913
100,496,0.8626086956521739
1000,520,0.9043478260869565
1001,496,0.8626086956521739
1002,524,0.9113043478260869
1003,518,0.9008695652173913
1004,423,0.7356521739130435
1005,95,0.16521739130434782
1006,536,0.9321739130434783
1007,34,0.059130434782608696
1008,513,0.8921739130434783
1009,457,0.7947826086956522
101,512,0.8904347826086957
1010,488,0.8486956521739131
1011,539,0.9373913043478261
1012,522,0.9078260869565218
1013,514,0.8939130434782608
1014,512,0.8904347826086957
1015,549,0.9547826086956521
1016,240,0.41739130434782606
1017,510,0.8869565217391304
1018,520,0.9043478260869565
1019,501,0.871304347826087
102,456,0.7930434782608695
1020,540,0.9391304347826087
1021,495,0.8608695652173913
1022,526,0.9147826086956522
1023,520,0.9043478260869565
1024,509,0.8852173913043478
1025,523,0.9095652173913044
1026,492,0.8556521739130435
1027,539,0.9373913043478261
1028,520,0.9043478260869565
1029,510,0.8869565217391304
103,517,0.8991304347826087
1030,507,0.8817391304347826
1031,466,0.8104347826086956
1032,552,0.96
1033,514,0.8939130434782608
1034,521,0.9060869565217391
1035,528,0.9182608695652174
1036,483,0.84
1037,483,0.84
1038,538,0.9356521739130435
1039,401,0.697391304347826
104,515,0.8956521739130435
1040,486,0.8452173913043478
1041,523,0.9095652173913044
1042,508,0.8834782608695653
1043,498,0.8660869565217392
1044,485,0.8434782608695652
1045,542,0.9426086956521739
1046,484,0.8417391304347827
1047,507,0.8817391304347826
1048,503,0.8747826086956522
1049,383,0.6660869565217391
105,535,0.9304347826086956
1050,445,0.7739130434782608
1051,460,0.8
1052,498,0.8660869565217392
1053,545,0.9478260869565217
1054,536,0.9321739130434783
1055,490,0.8521739130434782
1056,526,0.9147826086956522
1057,475,0.8260869565217391
1058,543,0.9443478260869566
1059,465,0.808695652173913
106,467,0.8121739130434783
1060,457,0.7947826086956522
1061,514,0.8939130434782608
1062,535,0.9304347826086956
1063,492,0.8556521739130435
1064,525,0.9130434782608695
1065,500,0.8695652173913043
1066,514,0.8939130434782608
1067,512,0.8904347826086957
1068,522,0.9078260869565218
1069,518,0.9008695652173913
107,505,0.8782608695652174
1070,531,0.9234782608695652
1071,115,0.2
1072,494,0.8591304347826086
1073,515,0.8956521739130435
1074,524,0.9113043478260869
1075,522,0.9078260869565218
1076,476,0.8278260869565217
1077,445,0.7739130434782608
1078,484,0.8417391304347827
1079,480,0.8347826086956521
108,508,0.8834782608695653
1080,492,0.8556521739130435
1081,521,0.9060869565217391
1082,529,0.92
1083,543,0.9443478260869566
1084,528,0.9182608695652174
1085,503,0.8747826086956522
1086,500,0.8695652173913043
1087,537,0.9339130434782609
1088,499,0.8678260869565217
1089,445,0.7739130434782608
109,544,0.9460869565217391
1090,496,0.8626086956521739
1091,485,0.8434782608695652
1092,479,0.8330434782608696
1093,501,0.871304347826087
1094,526,0.9147826086956522
1095,541,0.9408695652173913
1096,141,0.24521739130434783
1097,486,0.8452173913043478
1098,463,0.8052173913043478
1099,483,0.84
11,493,0.8573913043478261
110,464,0.8069565217391305
1100,457,0.7947826086956522
1101,517,0.8991304347826087
1102,514,0.8939130434782608
1103,546,0.9495652173913044
1104,512,0.8904347826086957
1105,127,0.22086956521739132
1106,460,0.8
1107,384,0.6678260869565218
1108,501,0.871304347826087
1109,537,0.9339130434782609
111,500,0.8695652173913043
1110,532,0.9252173913043479
1111,533,0.9269565217391305
1112,538,0.9356521739130435
1113,538,0.9356521739130435
1114,512,0.8904347826086957
1115,506,0.88
1116,533,0.9269565217391305
1117,517,0.8991304347826087
1118,526,0.9147826086956522
1119,554,0.9634782608695652
112,471,0.8191304347826087
1120,490,0.8521739130434782
1121,450,0.782608695652174
1122,411,0.7147826086956521
1123,495,0.8608695652173913
1124,523,0.9095652173913044
1125,529,0.92
1126,447,0.7773913043478261
1127,487,0.8469565217391304
1128,497,0.8643478260869565
1129,494,0.8591304347826086
113,499,0.8678260869565217
1130,496,0.8626086956521739
1131,525,0.9130434782608695
1132,491,0.8539130434782609
1133,536,0.9321739130434783
1134,516,0.8973913043478261
1135,492,0.8556521739130435
1136,483,0.84
1137,507,0.8817391304347826
1138,507,0.8817391304347826
1139,468,0.8139130434782609
114,443,0.7704347826086957
1140,484,0.8417391304347827
1141,517,0.8991304347826087
1142,518,0.9008695652173913
1143,541,0.9408695652173913
1144,470,0.8173913043478261
1145,551,0.9582608695652174
1146,434,0.7547826086956522
1147,509,0.8852173913043478
1148,449,0.7808695652173913
1149,511,0.888695652173913
115,437,0.76
1150,497,0.8643478260869565
1151,480,0.8347826086956521
1152,477,0.8295652173913044
1153,463,0.8052173913043478
1154,538,0.9356521739130435
1155,520,0.9043478260869565
1156,521,0.9060869565217391
1157,502,0.8730434782608696
1158,548,0.9530434782608695
1159,487,0.8469565217391304
116,482,0.8382608695652174
1160,511,0.888695652173913
1161,475,0.8260869565217391
1162,517,0.8991304347826087
1163,542,0.9426086956521739
1164,504,0.8765217391304347
1165,514,0.8939130434782608
1166,513,0.8921739130434783
1167,546,0.9495652173913044
1168,531,0.9234782608695652
1169,536,0.9321739130434783
117,459,0.7982608695652174
1170,525,0.9130434782608695
1171,239,0.4156521739130435
1172,509,0.8852173913043478
1173,534,0.928695652173913
1174,504,0.8765217391304347
1175,511,0.888695652173913
1176,408,0.7095652173913043
1177,519,0.9026086956521739
1178,508,0.8834782608695653
1179,536,0.9321739130434783
118,497,0.8643478260869565
1180,435,0.7565217391304347
1181,523,0.9095652173913044
1182,372,0.6469565217391304
1183,506,0.88
1184,451,0.7843478260869565
1185,351,0.6104347826086957
1186,520,0.9043478260869565
1187,536,0.9321739130434783
1188,524,0.9113043478260869
1189,509,0.8852173913043478
119,487,0.8469565217391304
1190,472,0.8208695652173913
1191,476,0.8278260869565217
1192,471,0.8191304347826087
1193,495,0.8608695652173913
1194,489,0.8504347826086956
1195,527,0.9165217391304348
1196,527,0.9165217391304348
1197,27,0.04695652173913043
1198,536,0.9321739130434783
1199,457,0.7947826086956522
12,535,0.9304347826086956
120,546,0.9495652173913044
1200,455,0.7913043478260869
1201,513,0.8921739130434783
1202,461,0.8017391304347826
1203,496,0.8626086956521739
1204,458,0.7965217391304348
1205,535,0.9304347826086956
1206,460,0.8
1207,529,0.92
1208,496,0.8626086956521739
1209,514,0.8939130434782608
121,86,0.14956521739130435
1210,497,0.8643478260869565
1211,532,0.9252173913043479
1212,502,0.8730434782608696
1213,485,0.8434782608695652
1214,504,0.8765217391304347
1215,537,0.9339130434782609
1216,541,0.9408695652173913
1217,519,0.9026086956521739
1218,482,0.8382608695652174
1219,525,0.9130434782608695
122,100,0.17391304347826086
1220,496,0.8626086956521739
1221,518,0.9008695652173913
1222,528,0.9182608695652174
1223,541,0.9408695652173913
1224,512,0.8904347826086957
1225,522,0.9078260869565218
1226,511,0.888695652173913
1227,507,0.8817391304347826
1228,447,0.7773913043478261
1229,484,0.8417391304347827
123,542,0.9426086956521739
1230,498,0.8660869565217392
1231,517,0.8991304347826087
1232,517,0.8991304347826087
1233,497,0.8643478260869565
1234,519,0.9026086956521739
1235,387,0.6730434782608695
1236,514,0.8939130434782608
1237,509,0.8852173913043478
1238,521,0.9060869565217391
1239,487,0.8469565217391304
124,425,0.7391304347826086
1240,496,0.8626086956521739
1241,481,0.8365217391304348
1242,488,0.8486956521739131
1243,335,0.5826086956521739
1244,532,0.9252173913043479
1245,500,0.8695652173913043
1246,524,0.9113043478260869
1247,533,0.9269565217391305
1248,457,0.7947826086956522
1249,509,0.8852173913043478
125,529,0.92
1250,539,0.9373913043478261
1251,521,0.9060869565217391
1252,461,0.8017391304347826
1253,540,0.9391304347826087
1254,525,0.9130434782608695
1255,383,0.6660869565217391
1256,499,0.8678260869565217
1257,523,0.9095652173913044
1258,491,0.8539130434782609
1259,528,0.9182608695652174
126,536,0.9321739130434783
1260,424,0.7373913043478261
1261,495,0.8608695652173913
1262,514,0.8939130434782608
1263,486,0.8452173913043478
1264,540,0.9391304347826087
1265,549,0.9547826086956521
1266,523,0.9095652173913044
1267,514,0.8939130434782608
1268,464,0.8069565217391305
1269,501,0.871304347826087
127,478,0.831304347826087
1270,545,0.9478260869565217
1271,499,0.8678260869565217
1272,414,0.72
1273,538,0.9356521739130435
1274,216,0.37565217391304345
1275,479,0.8330434782608696
1276,492,0.8556521739130435
1277,511,0.888695652173913
1278,461,0.8017391304347826
1279,525,0.9130434782608695
128,515,0.8956521739130435
1280,516,0.8973913043478261
1281,410,0.7130434782608696
1282,536,0.9321739130434783
1283,481,0.8365217391304348
1284,441,0.7669565217391304
1285,535,0.9304347826086956
1286,524,0.9113043478260869
1287,529,0.92
1288,514,0.8939130434782608
1289,476,0.8278260869565217
129,521,0.9060869565217391
1290,483,0.84
1291,393,0.6834782608695652
1292,502,0.8730434782608696
1293,541,0.9408695652173913
1294,536,0.9321739130434783
1295,492,0.8556521739130435
1296,522,0.9078260869565218
1297,543,0.9443478260869566
1298,532,0.9252173913043479
1299,542,0.9426086956521739
13,501,0.871304347826087
130,531,0.9234782608695652
1300,409,0.711304347826087
1301,534,0.928695652173913
1302,87,0.15130434782608695
1303,532,0.9252173913043479
1304,404,0.7026086956521739
1305,539,0.9373913043478261
1306,525,0.9130434782608695
1307,388,0.6747826086956522
1308,459,0.7982608695652174
1309,449,0.7808695652173913
131,327,0.568695652173913
1310,534,0.928695652173913
1311,531,0.9234782608695652
1312,481,0.8365217391304348
1313,531,0.9234782608695652
1314,493,0.8573913043478261
1315,533,0.9269565217391305
1316,488,0.8486956521739131
1317,156,0.271304347826087
1318,463,0.8052173913043478
1319,542,0.9426086956521739
132,545,0.9478260869565217
1320,479,0.8330434782608696
1321,537,0.9339130434782609
1322,455,0.7913043478260869
1323,537,0.9339130434782609
1324,406,0.7060869565217391
1325,540,0.9391304347826087
1326,519,0.9026086956521739
1327,464,0.8069565217391305
1328,540,0.9391304347826087
1329,500,0.8695652173913043
133,547,0.951304347826087
1330,484,0.8417391304347827
1331,514,0.8939130434782608
1332,530,0.9217391304347826
1333,513,0.8921739130434783
1334,555,0.9652173913043478
1335,479,0.8330434782608696
1336,526,0.9147826086956522
1337,454,0.7895652173913044
1338,537,0.9339130434782609
1339,504,0.8765217391304347
134,522,0.9078260869565218
1340,488,0.8486956521739131
1341,80,0.1391304347826087
1342,470,0.8173913043478261
1343,530,0.9217391304347826
1344,512,0.8904347826086957
1345,542,0.9426086956521739
1346,378,0.6573913043478261
1347,489,0.8504347826086956
1348,510,0.8869565217391304
1349,544,0.9460869565217391
135,525,0.9130434782608695
1350,384,0.6678260869565218
1351,527,0.9165217391304348
1352,61,0.10608695652173913
1353,507,0.8817391304347826
1354,518,0.9008695652173913
1355,513,0.8921739130434783
1356,505,0.8782608695652174
1357,467,0.8121739130434783
1358,502,0.8730434782608696
1359,515,0.8956521739130435
136,490,0.8521739130434782
1360,517,0.8991304347826087
1361,523,0.9095652173913044
1362,469,0.8156521739130435
1363,486,0.8452173913043478
1364,532,0.9252173913043479
1365,530,0.9217391304347826
1366,533,0.9269565217391305
1367,505,0.8782608695652174
1368,483,0.84
1369,511,0.888695652173913
137,545,0.9478260869565217
1370,520,0.9043478260869565
1371,441,0.7669565217391304
1372,548,0.9530434782608695
1373,510,0.8869565217391304
1374,517,0.8991304347826087
1375,522,0.9078260869565218
1376,526,0.9147826086956522
1377,527,0.9165217391304348
1378,475,0.8260869565217391
1379,505,0.8782608695652174
138,530,0.9217391304347826
1380,472,0.8208695652173913
1381,521,0.9060869565217391
1382,480,0.8347826086956521
1383,40,0.06956521739130435
1384,531,0.9234782608695652
1385,500,0.8695652173913043
1386,538,0.9356521739130435
1387,473,0.8226086956521739
1388,174,0.3026086956521739
1389,422,0.7339130434782609
139,427,0.7426086956521739
1390,449,0.7808695652173913
1391,491,0.8539130434782609
1392,503,0.8747826086956522
1393,524,0.9113043478260869
1394,377,0.6556521739130434
1395,461,0.8017391304347826
1396,430,0.7478260869565218
1397,548,0.9530434782608695
1398,508,0.8834782608695653
1399,494,0.8591304347826086
14,492,0.8556521739130435
140,513,0.8921739130434783
1400,483,0.84
1401,537,0.9339130434782609
1402,533,0.9269565217391305
1403,534,0.928695652173913
1404,532,0.9252173913043479
1405,506,0.88
1406,514,0.8939130434782608
1407,162,0.2817391304347826
1408,517,0.8991304347826087
1409,521,0.9060869565217391
141,532,0.9252173913043479
1410,471,0.8191304347826087
1411,538,0.9356521739130435
1412,543,0.9443478260869566
1413,528,0.9182608695652174
1414,533,0.9269565217391305
1415,523,0.9095652173913044
1416,532,0.9252173913043479
1417,486,0.8452173913043478
1418,477,0.8295652173913044
1419,517,0.8991304347826087
142,480,0.8347826086956521
1420,472,0.8208695652173913
1421,497,0.8643478260869565
1422,465,0.808695652173913
1423,465,0.808695652173913
1424,474,0.8243478260869566
1425,489,0.8504347826086956
1426,480,0.8347826086956521
1427,512,0.8904347826086957
1428,549,0.9547826086956521
1429,547,0.951304347826087
143,519,0.9026086956521739
1430,525,0.9130434782608695
1431,527,0.9165217391304348
1432,467,0.8121739130434783
1433,506,0.88
1434,474,0.8243478260869566
1435,513,0.8921739130434783
1436,364,0.6330434782608696
1437,431,0.7495652173913043
1438,547,0.951304347826087
1439,532,0.9252173913043479
144,514,0.8939130434782608
1440,474,0.8243478260869566
1441,454,0.7895652173913044
1442,496,0.8626086956521739
1443,533,0.9269565217391305
1444,507,0.8817391304347826
1445,499,0.8678260869565217
1446,544,0.9460869565217391
1447,494,0.8591304347826086
1448,439,0.7634782608695653
1449,494,0.8591304347826086
145,439,0.7634782608695653
1450,533,0.9269565217391305
1451,538,0.9356521739130435
1452,503,0.8747826086956522
1453,538,0.9356521739130435
1454,533,0.9269565217391305
1455,393,0.6834782608695652
1456,514,0.8939130434782608
1457,515,0.8956521739130435
1458,491,0.8539130434782609
1459,482,0.8382608695652174
146,520,0.9043478260869565
1460,472,0.8208695652173913
1461,444,0.7721739130434783
1462,487,0.8469565217391304
1463,496,0.8626086956521739
1464,532,0.9252173913043479
1465,181,0.31478260869565217
1466,533,0.9269565217391305
1467,397,0.6904347826086956
1468,542,0.9426086956521739
1469,536,0.9321739130434783
147,186,0.3234782608695652
1470,497,0.8643478260869565
1471,498,0.8660869565217392
1472,543,0.9443478260869566
1473,539,0.9373913043478261
1474,486,0.8452173913043478
1475,532,0.9252173913043479
1476,450,0.782608695652174
1477,463,0.8052173913043478
1478,506,0.88
1479,539,0.9373913043478261
148,488,0.8486956521739131
1480,457,0.7947826086956522
1481,543,0.9443478260869566
1482,524,0.9113043478260869
1483,512,0.8904347826086957
1484,541,0.9408695652173913
1485,498,0.8660869565217392
1486,492,0.8556521739130435
1487,505,0.8782608695652174
1488,500,0.8695652173913043
1489,476,0.8278260869565217
149,490,0.8521739130434782
1490,511,0.888695652173913
1491,498,0.8660869565217392
1492,492,0.8556521739130435
1493,510,0.8869565217391304
1494,503,0.8747826086956522
1495,530,0.9217391304347826
1496,486,0.8452173913043478
1497,529,0.92
1498,540,0.9391304347826087
1499,426,0.7408695652173913
15,510,0.8869565217391304
150,535,0.9304347826086956
1500,484,0.8417391304347827
1501,505,0.8782608695652174
1502,484,0.8417391304347827
1503,438,0.7617391304347826
1504,414,0.72
1505,421,0.7321739130434782
1506,457,0.7947826086956522
1507,164,0.2852173913043478
1508,508,0.8834782608695653
1509,536,0.9321739130434783
151,538,0.9356521739130435
1510,522,0.9078260869565218
1511,130,0.22608695652173913
1512,362,0.6295652173913043
1513,510,0.8869565217391304
1514,553,0.9617391304347827
1515,479,0.8330434782608696
1516,542,0.9426086956521739
1517,499,0.8678260869565217
1518,443,0.7704347826086957
1519,90,0.1565217391304348
152,509,0.8852173913043478
1520,544,0.9460869565217391
1521,506,0.88
1522,524,0.9113043478260869
1523,504,0.8765217391304347
1524,514,0.8939130434782608
1525,497,0.8643478260869565
1526,469,0.8156521739130435
1527,481,0.8365217391304348
1528,466,0.8104347826086956
1529,540,0.9391304347826087
153,518,0.9008695652173913
1530,502,0.8730434782608696
1531,455,0.7913043478260869
1532,475,0.8260869565217391
1533,533,0.9269565217391305
1534,545,0.9478260869565217
1535,474,0.8243478260869566
1536,538,0.9356521739130435
1537,487,0.8469565217391304
1538,386,0.671304347826087
1539,537,0.9339130434782609
154,546,0.9495652173913044
1540,529,0.92
1541,117,0.20347826086956522
1542,445,0.7739130434782608
1543,460,0.8
1544,506,0.88
1545,484,0.8417391304347827
1546,449,0.7808695652173913
1547,529,0.92
1548,520,0.9043478260869565
1549,491,0.8539130434782609
155,461,0.8017391304347826
1550,542,0.9426086956521739
1551,196,0.3408695652173913
1552,493,0.8573913043478261
1553,507,0.8817391304347826
1554,424,0.7373913043478261
1555,435,0.7565217391304347
1556,434,0.7547826086956522
1557,486,0.8452173913043478
1558,512,0.8904347826086957
1559,134,0.23304347826086957
156,495,0.8608695652173913
1560,434,0.7547826086956522
1561,526,0.9147826086956522
1562,541,0.9408695652173913
1563,538,0.9356521739130435
1564,535,0.9304347826086956
1565,510,0.8869565217391304
1566,487,0.8469565217391304
1567,466,0.8104347826086956
1568,342,0.5947826086956521
1569,479,0.8330434782608696
157,534,0.928695652173913
1570,457,0.7947826086956522
1571,547,0.951304347826087
1572,499,0.8678260869565217
1573,455,0.7913043478260869
1574,513,0.8921739130434783
1575,427,0.7426086956521739
1576,520,0.9043478260869565
1577,489,0.8504347826086956
1578,550,0.9565217391304348
1579,495,0.8608695652173913
158,502,0.8730434782608696
1580,506,0.88
1581,529,0.92
1582,437,0.76
1583,543,0.9443478260869566
1584,495,0.8608695652173913
1585,411,0.7147826086956521
1586,503,0.8747826086956522
1587,450,0.782608695652174
1588,494,0.8591304347826086
1589,364,0.6330434782608696
159,539,0.9373913043478261
1590,427,0.7426086956521739
1591,513,0.8921739130434783
1592,486,0.8452173913043478
1593,544,0.9460869565217391
1594,469,0.8156521739130435
1595,495,0.8608695652173913
1596,511,0.888695652173913
1597,499,0.8678260869565217
1598,532,0.9252173913043479
1599,491,0.8539130434782609
16,514,0.8939130434782608
160,533,0.9269565217391305
1600,518,0.9008695652173913
1601,514,0.8939130434782608
1602,498,0.8660869565217392
1603,512,0.8904347826086957
1604,508,0.8834782608695653
1605,545,0.9478260869565217
1606,480,0.8347826086956521
1607,521,0.9060869565217391
1608,521,0.9060869565217391
1609,479,0.8330434782608696
161,540,0.9391304347826087
1610,520,0.9043478260869565
1611,484,0.8417391304347827
1612,534,0.928695652173913
1613,532,0.9252173913043479
1614,512,0.8904347826086957
1615,482,0.8382608695652174
1616,526,0.9147826086956522
1617,505,0.8782608695652174
1618,450,0.782608695652174
1619,450,0.782608695652174
162,492,0.8556521739130435
1620,536,0.9321739130434783
1621,393,0.6834782608695652
1622,503,0.8747826086956522
1623,469,0.8156521739130435
1624,519,0.9026086956521739
1625,438,0.7617391304347826
1626,386,0.671304347826087
1627,501,0.871304347826087
1628,488,0.8486956521739131
1629,521,0.9060869565217391
163,540,0.9391304347826087
1630,515,0.8956521739130435
1631,466,0.8104347826086956
1632,533,0.9269565217391305
1633,521,0.9060869565217391
1634,509,0.8852173913043478
1635,88,0.15304347826086956
1636,484,0.8417391304347827
1637,533,0.9269565217391305
1638,517,0.8991304347826087
1639,443,0.7704347826086957
164,483,0.84
1640,489,0.8504347826086956
1641,507,0.8817391304347826
1642,512,0.8904347826086957
1643,516,0.8973913043478261
1644,466,0.8104347826086956
1645,501,0.871304347826087
1646,519,0.9026086956521739
1647,406,0.7060869565217391
1648,474,0.8243478260869566
1649,546,0.9495652173913044
165,506,0.88
1650,455,0.7913043478260869
1651,368,0.64
1652,493,0.8573913043478261
1653,543,0.9443478260869566
1654,520,0.9043478260869565
1655,550,0.9565217391304348
1656,489,0.8504347826086956
1657,449,0.7808695652173913
1658,529,0.92
1659,495,0.8608695652173913
166,418,0.7269565217391304
1660,488,0.8486956521739131
1661,529,0.92
1662,500,0.8695652173913043
1663,534,0.928695652173913
1664,511,0.888695652173913
1665,483,0.84
1666,517,0.8991304347826087
1667,425,0.7391304347826086
1668,462,0.8034782608695652
1669,491,0.8539130434782609
167,279,0.4852173913043478
1670,469,0.8156521739130435
1671,483,0.84
1672,483,0.84
1673,415,0.7217391304347827
1674,461,0.8017391304347826
1675,532,0.9252173913043479
1676,544,0.9460869565217391
1677,436,0.7582608695652174
1678,512,0.8904347826086957
1679,431,0.7495652173913043
168,515,0.8956521739130435
1680,144,0.25043478260869567
1681,546,0.9495652173913044
1682,505,0.8782608695652174
1683,462,0.8034782608695652
1684,35,0.06086956521739131
1685,76,0.13217391304347825
1686,523,0.9095652173913044
1687,500,0.8695652173913043
1688,546,0.9495652173913044
1689,485,0.8434782608695652
169,487,0.8469565217391304
1690,417,0.7252173913043478
1691,490,0.8521739130434782
1692,520,0.9043478260869565
1693,449,0.7808695652173913
1694,506,0.88
1695,517,0.8991304347826087
1696,520,0.9043478260869565
1697,534,0.928695652173913
1698,511,0.888695652173913
1699,489,0.8504347826086956
17,499,0.8678260869565217
170,489,0.8504347826086956
1700,506,0.88
1701,506,0.88
1702,463,0.8052173913043478
1703,490,0.8521739130434782
1704,487,0.8469565217391304
1705,484,0.8417391304347827
1706,521,0.9060869565217391
1707,479,0.8330434782608696
1708,489,0.8504347826086956
1709,534,0.928695652173913
171,447,0.7773913043478261
1710,492,0.8556521739130435
1711,531,0.9234782608695652
1712,530,0.9217391304347826
1713,511,0.888695652173913
1714,470,0.8173913043478261
1715,489,0.8504347826086956
1716,536,0.9321739130434783
1717,491,0.8539130434782609
1718,540,0.9391304347826087
1719,509,0.8852173913043478
172,518,0.9008695652173913
1720,558,0.9704347826086956
1721,539,0.9373913043478261
1722,506,0.88
1723,528,0.9182608695652174
1724,528,0.9182608695652174
1725,501,0.871304347826087
1726,506,0.88
1727,524,0.9113043478260869
1728,506,0.88
1729,532,0.9252173913043479
173,498,0.8660869565217392
1730,506,0.88
1731,499,0.8678260869565217
1732,383,0.6660869565217391
1733,508,0.8834782608695653
1734,380,0.6608695652173913
1735,542,0.9426086956521739
1736,496,0.8626086956521739
1737,541,0.9408695652173913
1738,481,0.8365217391304348
1739,449,0.7808695652173913
174,541,0.9408695652173913
1740,485,0.8434782608695652
1741,483,0.84
1742,513,0.8921739130434783
1743,497,0.8643478260869565
1744,491,0.8539130434782609
1745,488,0.8486956521739131
1746,531,0.9234782608695652
1747,528,0.9182608695652174
1748,480,0.8347826086956521
1749,510,0.8869565217391304
175,481,0.8365217391304348
1750,508,0.8834782608695653
1751,528,0.9182608695652174
1752,455,0.7913043478260869
1753,503,0.8747826086956522
1754,520,0.9043478260869565
1755,511,0.888695652173913
1756,514,0.8939130434782608
1757,504,0.8765217391304347
1758,420,0.7304347826086957
1759,542,0.9426086956521739
176,533,0.9269565217391305
1760,543,0.9443478260869566
1761,511,0.888695652173913
1762,520,0.9043478260869565
1763,478,0.831304347826087
1764,523,0.9095652173913044
1765,526,0.9147826086956522
1766,516,0.8973913043478261
1767,539,0.9373913043478261
1768,520,0.9043478260869565
1769,539,0.9373913043478261
177,488,0.8486956521739131
1770,548,0.9530434782608695
1771,537,0.9339130434782609
1772,473,0.8226086956521739
1773,534,0.928695652173913
1774,492,0.8556521739130435
1775,476,0.8278260869565217
1776,537,0.9339130434782609
1777,508,0.8834782608695653
1778,297,0.5165217391304348
1779,536,0.9321739130434783
178,525,0.9130434782608695
1780,524,0.9113043478260869
1781,507,0.8817391304347826
1782,109,0.18956521739130436
1783,463,0.8052173913043478
1784,499,0.8678260869565217
1785,515,0.8956521739130435
1786,450,0.782608695652174
1787,538,0.9356521739130435
1788,509,0.8852173913043478
1789,480,0.8347826086956521
179,511,0.888695652173913
1790,521,0.9060869565217391
1791,529,0.92
1792,508,0.8834782608695653
1793,533,0.9269565217391305
1794,481,0.8365217391304348
1795,518,0.9008695652173913
1796,528,0.9182608695652174
1797,501,0.871304347826087
1798,469,0.8156521739130435
1799,526,0.9147826086956522
18,542,0.9426086956521739
180,506,0.88
1800,486,0.8452173913043478
1801,523,0.9095652173913044
1802,492,0.8556521739130435
1803,505,0.8782608695652174
1804,491,0.8539130434782609
1805,535,0.9304347826086956
1806,414,0.72
1807,57,0.09913043478260869
1808,508,0.8834782608695653
1809,521,0.9060869565217391
181,512,0.8904347826086957
1810,328,0.5704347826086956
1811,499,0.8678260869565217
1812,88,0.15304347826086956
1813,484,0.8417391304347827
1814,513,0.8921739130434783
1815,505,0.8782608695652174
1816,533,0.9269565217391305
1817,483,0.84
1818,479,0.8330434782608696
1819,496,0.8626086956521739
182,506,0.88
1820,513,0.8921739130434783
1821,500,0.8695652173913043
1822,503,0.8747826086956522
1823,539,0.9373913043478261
1824,544,0.9460869565217391
1825,531,0.9234782608695652
1826,540,0.9391304347826087
1827,478,0.831304347826087
1828,531,0.9234782608695652
1829,167,0.29043478260869565
183,513,0.8921739130434783
1830,544,0.9460869565217391
1831,508,0.8834782608695653
1832,483,0.84
1833,447,0.7773913043478261
1834,524,0.9113043478260869
1835,506,0.88
1836,537,0.9339130434782609
1837,542,0.9426086956521739
1838,524,0.9113043478260869
1839,322,0.56
184,503,0.8747826086956522
1840,502,0.8730434782608696
1841,520,0.9043478260869565
1842,524,0.9113043478260869
1843,501,0.871304347826087
1844,34,0.059130434782608696
1845,494,0.8591304347826086
1846,492,0.8556521739130435
1847,544,0.9460869565217391
1848,482,0.8382608695652174
1849,488,0.8486956521739131
185,540,0.9391304347826087
1850,242,0.42086956521739133
1851,489,0.8504347826086956
1852,133,0.23130434782608697
1853,537,0.9339130434782609
1854,532,0.9252173913043479
1855,427,0.7426086956521739
1856,533,0.9269565217391305
1857,471,0.8191304347826087
1858,526,0.9147826086956522
1859,539,0.9373913043478261
186,454,0.7895652173913044
1860,165,0.28695652173913044
1861,484,0.8417391304347827
1862,374,0.6504347826086957
1863,388,0.6747826086956522
1864,440,0.7652173913043478
1865,529,0.92
1866,441,0.7669565217391304
1867,515,0.8956521739130435
1868,511,0.888695652173913
1869,503,0.8747826086956522
187,514,0.8939130434782608
1870,546,0.9495652173913044
1871,462,0.8034782608695652
1872,539,0.9373913043478261
1873,533,0.9269565217391305
1874,540,0.9391304347826087
1875,531,0.9234782608695652
1876,470,0.8173913043478261
1877,503,0.8747826086956522
1878,533,0.9269565217391305
1879,541,0.9408695652173913
188,463,0.8052173913043478
1880,526,0.9147826086956522
1881,538,0.9356521739130435
1882,510,0.8869565217391304
1883,527,0.9165217391304348
1884,533,0.9269565217391305
1885,508,0.8834782608695653
1886,50,0.08695652173913043
1887,495,0.8608695652173913
1888,428,0.7443478260869565
1889,517,0.8991304347826087
189,468,0.8139130434782609
1890,477,0.8295652173913044
1891,535,0.9304347826086956
1892,535,0.9304347826086956
1893,534,0.928695652173913
1894,443,0.7704347826086957
1895,526,0.9147826086956522
1896,472,0.8208695652173913
1897,527,0.9165217391304348
1898,531,0.9234782608695652
1899,439,0.7634782608695653
19,462,0.8034782608695652
190,533,0.9269565217391305
1900,531,0.9234782608695652
1901,420,0.7304347826086957
1902,478,0.831304347826087
1903,427,0.7426086956521739
1904,446,0.7756521739130435
1905,466,0.8104347826086956
1906,527,0.9165217391304348
1907,501,0.871304347826087
1908,458,0.7965217391304348
1909,525,0.9130434782608695
191,418,0.7269565217391304
1910,523,0.9095652173913044
1911,538,0.9356521739130435
1912,500,0.8695652173913043
1913,498,0.8660869565217392
1914,486,0.8452173913043478
1915,514,0.8939130434782608
1916,513,0.8921739130434783
1917,494,0.8591304347826086
1918,484,0.8417391304347827
1919,451,0.7843478260869565
192,525,0.9130434782608695
1920,451,0.7843478260869565
1921,494,0.8591304347826086
1922,520,0.9043478260869565
1923,542,0.9426086956521739
1924,516,0.8973913043478261
1925,469,0.8156521739130435
1926,513,0.8921739130434783
1927,518,0.9008695652173913
1928,547,0.951304347826087
1929,506,0.88
193,514,0.8939130434782608
1930,486,0.8452173913043478
1931,469,0.8156521739130435
1932,538,0.9356521739130435
1933,545,0.9478260869565217
1934,531,0.9234782608695652
1935,439,0.7634782608695653
1936,423,0.7356521739130435
1937,547,0.951304347826087
1938,509,0.8852173913043478
1939,529,0.92
194,538,0.9356521739130435
1940,463,0.8052173913043478
1941,511,0.888695652173913
1942,467,0.8121739130434783
1943,516,0.8973913043478261
1944,526,0.9147826086956522
1945,415,0.7217391304347827
1946,508,0.8834782608695653
1947,501,0.871304347826087
1948,488,0.8486956521739131
1949,396,0.688695652173913
195,503,0.8747826086956522
1950,456,0.7930434782608695
1951,522,0.9078260869565218
1952,503,0.8747826086956522
1953,487,0.8469565217391304
1954,532,0.9252173913043479
1955,506,0.88
1956,510,0.8869565217391304
1957,448,0.7791304347826087
1958,497,0.8643478260869565
1959,353,0.6139130434782609
196,499,0.8678260869565217
1960,477,0.8295652173913044
1961,503,0.8747826086956522
1962,462,0.8034782608695652
1963,535,0.9304347826086956
1964,466,0.8104347826086956
1965,494,0.8591304347826086
1966,469,0.8156521739130435
1967,507,0.8817391304347826
1968,475,0.8260869565217391
1969,494,0.8591304347826086
197,499,0.8678260869565217
1970,505,0.8782608695652174
1971,546,0.9495652173913044
1972,537,0.9339130434782609
1973,531,0.9234782608695652
1974,545,0.9478260869565217
1975,407,0.7078260869565217
1976,522,0.9078260869565218
1977,390,0.6782608695652174
1978,388,0.6747826086956522
1979,545,0.9478260869565217
198,501,0.871304347826087
1980,521,0.9060869565217391
1981,506,0.88
1982,454,0.7895652173913044
1983,532,0.9252173913043479
1984,435,0.7565217391304347
1985,523,0.9095652173913044
1986,515,0.8956521739130435
1987,530,0.9217391304347826
1988,536,0.9321739130434783
1989,539,0.9373913043478261
199,90,0.1565217391304348
1990,427,0.7426086956521739
1991,512,0.8904347826086957
1992,541,0.9408695652173913
1993,528,0.9182608695652174
1994,533,0.9269565217391305
1995,521,0.9060869565217391
1996,71,0.12347826086956522
1997,423,0.7356521739130435
1998,495,0.8608695652173913
1999,497,0.8643478260869565
2,489,0.8504347826086956
20,501,0.871304347826087
200,452,0.7860869565217391
2000,521,0.9060869565217391
2001,516,0.8973913043478261
2002,515,0.8956521739130435
2003,518,0.9008695652173913
2004,477,0.8295652173913044
2005,526,0.9147826086956522
2006,513,0.8921739130434783
2007,479,0.8330434782608696
2008,71,0.12347826086956522
2009,470,0.8173913043478261
201,500,0.8695652173913043
2010,466,0.8104347826086956
2011,98,0.17043478260869566
2012,441,0.7669565217391304
2013,534,0.928695652173913
2014,491,0.8539130434782609
2015,500,0.8695652173913043
2016,479,0.8330434782608696
2017,532,0.9252173913043479
2018,454,0.7895652173913044
2019,520,0.9043478260869565
202,526,0.9147826086956522
2020,542,0.9426086956521739
2021,547,0.951304347826087
2022,423,0.7356521739130435
2023,507,0.8817391304347826
2024,529,0.92
2025,429,0.7460869565217392
2026,372,0.6469565217391304
2027,440,0.7652173913043478
2028,529,0.92
2029,488,0.8486956521739131
203,464,0.8069565217391305
2030,443,0.7704347826086957
2031,463,0.8052173913043478
2032,474,0.8243478260869566
2033,434,0.7547826086956522
2034,533,0.9269565217391305
2035,501,0.871304347826087
2036,470,0.8173913043478261
2037,543,0.9443478260869566
2038,531,0.9234782608695652
2039,489,0.8504347826086956
204,501,0.871304347826087
2040,460,0.8
2041,532,0.9252173913043479
2042,530,0.9217391304347826
2043,490,0.8521739130434782
2044,517,0.8991304347826087
2045,439,0.7634782608695653
2046,527,0.9165217391304348
2047,482,0.8382608695652174
2048,537,0.9339130434782609
2049,503,0.8747826086956522
205,492,0.8556521739130435
2050,530,0.9217391304347826
2051,518,0.9008695652173913
2052,537,0.9339130434782609
2053,465,0.808695652173913
2054,545,0.9478260869565217
2055,495,0.8608695652173913
2056,420,0.7304347826086957
2057,507,0.8817391304347826
2058,444,0.7721739130434783
2059,467,0.8121739130434783
206,412,0.7165217391304348
2060,542,0.9426086956521739
2061,506,0.88
2062,493,0.8573913043478261
2063,551,0.9582608695652174
2064,528,0.9182608695652174
2065,496,0.8626086956521739
2066,469,0.8156521739130435
2067,527,0.9165217391304348
2068,528,0.9182608695652174
2069,526,0.9147826086956522
207,505,0.8782608695652174
2070,149,0.2591304347826087
2071,541,0.9408695652173913
2072,471,0.8191304347826087
2073,501,0.871304347826087
2074,540,0.9391304347826087
2075,489,0.8504347826086956
2076,424,0.7373913043478261
2077,513,0.8921739130434783
2078,485,0.8434782608695652
2079,468,0.8139130434782609
208,502,0.8730434782608696
2080,539,0.9373913043478261
2081,489,0.8504347826086956
2082,421,0.7321739130434782
2083,448,0.7791304347826087
2084,511,0.888695652173913
2085,425,0.7391304347826086
2086,540,0.9391304347826087
2087,503,0.8747826086956522
2088,528,0.9182608695652174
2089,531,0.9234782608695652
209,461,0.8017391304347826
2090,539,0.9373913043478261
2091,487,0.8469565217391304
2092,505,0.8782608695652174
2093,519,0.9026086956521739
2094,437,0.76
2095,468,0.8139130434782609
2096,541,0.9408695652173913
2097,96,0.16695652173913045
2098,484,0.8417391304347827
2099,542,0.9426086956521739
21,519,0.9026086956521739
210,533,0.9269565217391305
2100,506,0.88
2101,494,0.8591304347826086
2102,505,0.8782608695652174
2103,521,0.9060869565217391
2104,549,0.9547826086956521
2105,517,0.8991304347826087
2106,502,0.8730434782608696
2107,184,0.32
2108,525,0.9130434782608695
2109,545,0.9478260869565217
211,437,0.76
2110,509,0.8852173913043478
2111,523,0.9095652173913044
2112,431,0.7495652173913043
2113,511,0.888695652173913
2114,86,0.14956521739130435
2115,546,0.9495652173913044
2116,489,0.8504347826086956
2117,512,0.8904347826086957
2118,519,0.9026086956521739
2119,461,0.8017391304347826
212,537,0.9339130434782609
2120,521,0.9060869565217391
2121,515,0.8956521739130435
2122,528,0.9182608695652174
2123,501,0.871304347826087
2124,507,0.8817391304347826
2125,488,0.8486956521739131
2126,529,0.92
2127,407,0.7078260869565217
2128,511,0.888695652173913
2129,542,0.9426086956521739
213,510,0.8869565217391304
2130,506,0.88
2131,465,0.808695652173913
2132,442,0.768695652173913
2133,511,0.888695652173913
2134,558,0.9704347826086956
2135,531,0.9234782608695652
2136,449,0.7808695652173913
2137,503,0.8747826086956522
2138,543,0.9443478260869566
2139,511,0.888695652173913
214,540,0.9391304347826087
2140,502,0.8730434782608696
2141,437,0.76
2142,560,0.9739130434782609
2143,488,0.8486956521739131
2144,531,0.9234782608695652
2145,537,0.9339130434782609
2146,80,0.1391304347826087
2147,506,0.88
2148,521,0.9060869565217391
2149,545,0.9478260869565217
215,466,0.8104347826086956
2150,533,0.9269565217391305
2151,512,0.8904347826086957
2152,499,0.8678260869565217
2153,514,0.8939130434782608
2154,474,0.8243478260869566
2155,495,0.8608695652173913
2156,523,0.9095652173913044
2157,512,0.8904347826086957
2158,506,0.88
2159,505,0.8782608695652174
216,455,0.7913043478260869
2160,528,0.9182608695652174
2161,548,0.9530434782608695
2162,451,0.7843478260869565
2163,410,0.7130434782608696
2164,541,0.9408695652173913
2165,536,0.9321739130434783
2166,504,0.8765217391304347
2167,486,0.8452173913043478
2168,544,0.9460869565217391
2169,482,0.8382608695652174
217,534,0.928695652173913
2170,440,0.7652173913043478
2171,536,0.9321739130434783
2172,467,0.8121739130434783
2173,535,0.9304347826086956
2174,530,0.9217391304347826
2175,496,0.8626086956521739
2176,506,0.88
2177,528,0.9182608695652174
2178,497,0.8643478260869565
2179,529,0.92
218,543,0.9443478260869566
2180,491,0.8539130434782609
2181,418,0.7269565217391304
2182,504,0.8765217391304347
2183,45,0.0782608695652174
2184,537,0.9339130434782609
2185,536,0.9321739130434783
2186,507,0.8817391304347826
2187,532,0.9252173913043479
2188,438,0.7617391304347826
2189,507,0.8817391304347826
219,519,0.9026086956521739
2190,514,0.8939130434782608
2191,383,0.6660869565217391
2192,544,0.9460869565217391
2193,477,0.8295652173913044
2194,541,0.9408695652173913
2195,509,0.8852173913043478
2196,520,0.9043478260869565
2197,430,0.7478260869565218
2198,540,0.9391304347826087
2199,478,0.831304347826087
22,451,0.7843478260869565
220,518,0.9008695652173913
2200,526,0.9147826086956522
2201,463,0.8052173913043478
2202,505,0.8782608695652174
2203,516,0.8973913043478261
2204,501,0.871304347826087
2205,512,0.8904347826086957
2206,74,0.12869565217391304
2207,442,0.768695652173913
2208,525,0.9130434782608695
2209,471,0.8191304347826087
221,510,0.8869565217391304
2210,509,0.8852173913043478
2211,522,0.9078260869565218
2212,514,0.8939130434782608
2213,513,0.8921739130434783
2214,487,0.8469565217391304
2215,518,0.9008695652173913
2216,427,0.7426086956521739
2217,436,0.7582608695652174
2218,536,0.9321739130434783
2219,500,0.8695652173913043
222,529,0.92
2220,537,0.9339130434782609
2221,472,0.8208695652173913
2222,391,0.68
2223,417,0.7252173913043478
2224,514,0.8939130434782608
2225,58,0.10086956521739131
2226,539,0.9373913043478261
2227,481,0.8365217391304348
2228,498,0.8660869565217392
2229,435,0.7565217391304347
223,507,0.8817391304347826
2230,519,0.9026086956521739
2231,472,0.8208695652173913
2232,489,0.8504347826086956
2233,462,0.8034782608695652
2234,526,0.9147826086956522
2235,460,0.8
2236,457,0.7947826086956522
2237,458,0.7965217391304348
2238,502,0.8730434782608696
2239,527,0.9165217391304348
224,528,0.9182608695652174
2240,539,0.9373913043478261
2241,545,0.9478260869565217
2242,474,0.8243478260869566
2243,549,0.9547826086956521
2244,456,0.7930434782608695
2245,506,0.88
2246,469,0.8156521739130435
2247,518,0.9008695652173913
2248,434,0.7547826086956522
2249,519,0.9026086956521739
225,490,0.8521739130434782
2250,516,0.8973913043478261
2251,507,0.8817391304347826
2252,524,0.9113043478260869
2253,342,0.5947826086956521
2254,489,0.8504347826086956
2255,470,0.8173913043478261
2256,489,0.8504347826086956
2257,82,0.1426086956521739
2258,458,0.7965217391304348
2259,525,0.9130434782608695
226,509,0.8852173913043478
2260,516,0.8973913043478261
2261,482,0.8382608695652174
2262,440,0.7652173913043478
2263,542,0.9426086956521739
2264,511,0.888695652173913
2265,382,0.6643478260869565
2266,474,0.8243478260869566
2267,66,0.11478260869565217
2268,492,0.8556521739130435
2269,505,0.8782608695652174
227,504,0.8765217391304347
2270,508,0.8834782608695653
2271,504,0.8765217391304347
2272,431,0.7495652173913043
2273,544,0.9460869565217391
2274,527,0.9165217391304348
2275,199,0.34608695652173915
2276,157,0.27304347826086955
2277,534,0.928695652173913
2278,526,0.9147826086956522
2279,421,0.7321739130434782
228,545,0.9478260869565217
2280,505,0.8782608695652174
2281,493,0.8573913043478261
2282,487,0.8469565217391304
2283,524,0.9113043478260869
2284,497,0.8643478260869565
2285,445,0.7739130434782608
2286,474,0.8243478260869566
2287,537,0.9339130434782609
2288,476,0.8278260869565217
2289,529,0.92
229,457,0.7947826086956522
2290,486,0.8452173913043478
2291,461,0.8017391304347826
2292,528,0.9182608695652174
2293,485,0.8434782608695652
2294,509,0.8852173913043478
2295,497,0.8643478260869565
2296,470,0.8173913043478261
2297,503,0.8747826086956522
2298,519,0.9026086956521739
2299,387,0.6730434782608695
23,528,0.9182608695652174
230,384,0.6678260869565218
2300,425,0.7391304347826086
2301,485,0.8434782608695652
2302,527,0.9165217391304348
2303,535,0.9304347826086956
2304,504,0.8765217391304347
2305,520,0.9043478260869565
2306,521,0.9060869565217391
2307,505,0.8782608695652174
2308,479,0.8330434782608696
2309,521,0.9060869565217391
231,531,0.9234782608695652
2310,501,0.871304347826087
2311,512,0.8904347826086957
2312,536,0.9321739130434783
2313,409,0.711304347826087
2314,412,0.7165217391304348
2315,536,0.9321739130434783
2316,495,0.8608695652173913
2317,544,0.9460869565217391
2318,60,0.10434782608695652
2319,414,0.72
232,167,0.29043478260869565
2320,544,0.9460869565217391
2321,499,0.8678260869565217
2322,395,0.6869565217391305
2323,416,0.7234782608695652
2324,543,0.9443478260869566
2325,526,0.9147826086956522
2326,500,0.8695652173913043
2327,489,0.8504347826086956
2328,496,0.8626086956521739
2329,513,0.8921739130434783
233,523,0.9095652173913044
2330,542,0.9426086956521739
2331,496,0.8626086956521739
2332,508,0.8834782608695653
2333,550,0.9565217391304348
2334,520,0.9043478260869565
2335,513,0.8921739130434783
2336,531,0.9234782608695652
2337,475,0.8260869565217391
2338,553,0.9617391304347827
2339,509,0.8852173913043478
234,510,0.8869565217391304
2340,489,0.8504347826086956
2341,475,0.8260869565217391
2342,441,0.7669565217391304
2343,513,0.8921739130434783
2344,474,0.8243478260869566
2345,537,0.9339130434782609
2346,460,0.8
2347,450,0.782608695652174
2348,515,0.8956521739130435
2349,539,0.9373913043478261
235,538,0.9356521739130435
2350,507,0.8817391304347826
2351,412,0.7165217391304348
2352,526,0.9147826086956522
2353,438,0.7617391304347826
2354,527,0.9165217391304348
2355,287,0.4991304347826087
2356,411,0.7147826086956521
2357,513,0.8921739130434783
2358,160,0.2782608695652174
2359,490,0.8521739130434782
236,474,0.8243478260869566
2360,514,0.8939130434782608
2361,534,0.928695652173913
2362,532,0.9252173913043479
2363,468,0.8139130434782609
2364,539,0.9373913043478261
2365,500,0.8695652173913043
2366,489,0.8504347826086956
2367,513,0.8921739130434783
2368,451,0.7843478260869565
2369,385,0.6695652173913044
237,369,0.6417391304347826
2370,540,0.9391304347826087
2371,488,0.8486956521739131
2372,511,0.888695652173913
2373,535,0.9304347826086956
2374,431,0.7495652173913043
2375,471,0.8191304347826087
2376,477,0.8295652173913044
2377,533,0.9269565217391305
2378,534,0.928695652173913
2379,483,0.84
238,511,0.888695652173913
2380,497,0.8643478260869565
2381,476,0.8278260869565217
2382,527,0.9165217391304348
2383,514,0.8939130434782608
2384,507,0.8817391304347826
2385,546,0.9495652173913044
2386,552,0.96
2387,543,0.9443478260869566
2388,495,0.8608695652173913
2389,541,0.9408695652173913
239,460,0.8
2390,536,0.9321739130434783
2391,537,0.9339130434782609
2392,457,0.7947826086956522
2393,530,0.9217391304347826
2394,132,0.22956521739130434
2395,550,0.9565217391304348
2396,522,0.9078260869565218
2397,442,0.768695652173913
2398,480,0.8347826086956521
2399,502,0.8730434782608696
24,540,0.9391304347826087
240,507,0.8817391304347826
2400,493,0.8573913043478261
2401,540,0.9391304347826087
2402,499,0.8678260869565217
2403,477,0.8295652173913044
2404,396,0.688695652173913
2405,494,0.8591304347826086
2406,467,0.8121739130434783
2407,549,0.9547826086956521
2408,550,0.9565217391304348
2409,532,0.9252173913043479
241,549,0.9547826086956521
2410,486,0.8452173913043478
2411,484,0.8417391304347827
2412,443,0.7704347826086957
2413,534,0.928695652173913
2414,554,0.9634782608695652
2415,519,0.9026086956521739
2416,504,0.8765217391304347
2417,478,0.831304347826087
2418,497,0.8643478260869565
2419,488,0.8486956521739131
242,477,0.8295652173913044
2420,512,0.8904347826086957
2421,532,0.9252173913043479
2422,486,0.8452173913043478
2423,475,0.8260869565217391
2424,524,0.9113043478260869
2425,514,0.8939130434782608
2426,531,0.9234782608695652
2427,534,0.928695652173913
2428,370,0.6434782608695652
2429,512,0.8904347826086957
243,445,0.7739130434782608
2430,517,0.8991304347826087
2431,132,0.22956521739130434
2432,454,0.7895652173913044
2433,511,0.888695652173913
2434,532,0.9252173913043479
2435,531,0.9234782608695652
2436,470,0.8173913043478261
2437,509,0.8852173913043478
2438,472,0.8208695652173913
2439,501,0.871304347826087
244,542,0.9426086956521739
2440,448,0.7791304347826087
2441,548,0.9530434782608695
2442,534,0.928695652173913
2443,461,0.8017391304347826
2444,541,0.9408695652173913
2445,502,0.8730434782608696
2446,474,0.8243478260869566
2447,482,0.8382608695652174
2448,507,0.8817391304347826
2449,512,0.8904347826086957
245,508,0.8834782608695653
2450,513,0.8921739130434783
2451,545,0.9478260869565217
2452,502,0.8730434782608696
2453,443,0.7704347826086957
2454,469,0.8156521739130435
2455,338,0.5878260869565217
2456,517,0.8991304347826087
2457,91,0.1582608695652174
2458,506,0.88
2459,449,0.7808695652173913
246,495,0.8608695652173913
2460,519,0.9026086956521739
2461,471,0.8191304347826087
2462,536,0.9321739130434783
2463,496,0.8626086956521739
2464,509,0.8852173913043478
2465,543,0.9443478260869566
2466,461,0.8017391304347826
2467,543,0.9443478260869566
2468,529,0.92
2469,523,0.9095652173913044
247,507,0.8817391304347826
2470,527,0.9165217391304348
2471,506,0.88
2472,459,0.7982608695652174
2473,531,0.9234782608695652
2474,553,0.9617391304347827
2475,536,0.9321739130434783
2476,508,0.8834782608695653
2477,379,0.6591304347826087
2478,536,0.9321739130434783
2479,489,0.8504347826086956
248,541,0.9408695652173913
2480,547,0.951304347826087
2481,483,0.84
2482,378,0.6573913043478261
2483,535,0.9304347826086956
2484,515,0.8956521739130435
2485,488,0.8486956521739131
2486,481,0.8365217391304348
2487,493,0.8573913043478261
2488,484,0.8417391304347827
2489,391,0.68
249,534,0.928695652173913
2490,551,0.9582608695652174
2491,479,0.8330434782608696
2492,515,0.8956521739130435
2493,520,0.9043478260869565
2494,509,0.8852173913043478
2495,440,0.7652173913043478
2496,463,0.8052173913043478
2497,502,0.8730434782608696
2498,515,0.8956521739130435
2499,415,0.7217391304347827
25,527,0.9165217391304348
250,537,0.9339130434782609
2500,520,0.9043478260869565
2501,522,0.9078260869565218
2502,559,0.9721739130434782
2503,548,0.9530434782608695
2504,546,0.9495652173913044
2505,486,0.8452173913043478
2506,462,0.8034782608695652
2507,534,0.928695652173913
2508,507,0.8817391304347826
2509,415,0.7217391304347827
251,521,0.9060869565217391
2510,540,0.9391304347826087
2511,484,0.8417391304347827
2512,533,0.9269565217391305
2513,466,0.8104347826086956
2514,492,0.8556521739130435
2515,510,0.8869565217391304
2516,442,0.768695652173913
2517,539,0.9373913043478261
2518,482,0.8382608695652174
2519,372,0.6469565217391304
252,495,0.8608695652173913
2520,548,0.9530434782608695
2521,526,0.9147826086956522
2522,486,0.8452173913043478
2523,437,0.76
2524,450,0.782608695652174
2525,541,0.9408695652173913
2526,519,0.9026086956521739
2527,454,0.7895652173913044
2528,545,0.9478260869565217
2529,531,0.9234782608695652
253,505,0.8782608695652174
2530,519,0.9026086956521739
2531,510,0.8869565217391304
2532,517,0.8991304347826087
2533,521,0.9060869565217391
2534,535,0.9304347826086956
2535,540,0.9391304347826087
2536,92,0.16
2537,415,0.7217391304347827
2538,497,0.8643478260869565
2539,476,0.8278260869565217
254,471,0.8191304347826087
2540,494,0.8591304347826086
2541,518,0.9008695652173913
2542,466,0.8104347826086956
2543,491,0.8539130434782609
2544,499,0.8678260869565217
2545,527,0.9165217391304348
2546,471,0.8191304347826087
2547,534,0.928695652173913
2548,525,0.9130434782608695
2549,499,0.8678260869565217
255,537,0.9339130434782609
2550,503,0.8747826086956522
2551,470,0.8173913043478261
2552,416,0.7234782608695652
2553,478,0.831304347826087
2554,542,0.9426086956521739
2555,524,0.9113043478260869
2556,512,0.8904347826086957
2557,523,0.9095652173913044
2558,446,0.7756521739130435
2559,527,0.9165217391304348
256,510,0.8869565217391304
2560,515,0.8956521739130435
2561,510,0.8869565217391304
2562,537,0.9339130434782609
2563,509,0.8852173913043478
2564,468,0.8139130434782609
2565,507,0.8817391304347826
2566,513,0.8921739130434783
2567,437,0.76
2568,504,0.8765217391304347
2569,541,0.9408695652173913
257,474,0.8243478260869566
2570,524,0.9113043478260869
2571,518,0.9008695652173913
2572,532,0.9252173913043479
2573,524,0.9113043478260869
2574,354,0.6156521739130435
2575,449,0.7808695652173913
2576,486,0.8452173913043478
2577,359,0.6243478260869565
2578,133,0.23130434782608697
2579,445,0.7739130434782608
258,497,0.8643478260869565
2580,374,0.6504347826086957
2581,480,0.8347826086956521
2582,506,0.88
2583,470,0.8173913043478261
2584,507,0.8817391304347826
2585,488,0.8486956521739131
2586,547,0.951304347826087
2587,541,0.9408695652173913
2588,550,0.9565217391304348
2589,491,0.8539130434782609
259,504,0.8765217391304347
2590,536,0.9321739130434783
2591,454,0.7895652173913044
2592,502,0.8730434782608696
2593,525,0.9130434782608695
2594,476,0.8278260869565217
2595,454,0.7895652173913044
2596,428,0.7443478260869565
2597,503,0.8747826086956522
2598,502,0.8730434782608696
2599,458,0.7965217391304348
26,547,0.951304347826087
260,425,0.7391304347826086
2600,439,0.7634782608695653
2601,511,0.888695652173913
2602,381,0.662608695652174
2603,517,0.8991304347826087
2604,476,0.8278260869565217
2605,519,0.9026086956521739
2606,495,0.8608695652173913
2607,484,0.8417391304347827
2608,497,0.8643478260869565
2609,477,0.8295652173913044
261,130,0.22608695652173913
2610,526,0.9147826086956522
2611,543,0.9443478260869566
2612,544,0.9460869565217391
2613,465,0.808695652173913
2614,496,0.8626086956521739
2615,542,0.9426086956521739
2616,386,0.671304347826087
2617,424,0.7373913043478261
2618,506,0.88
2619,512,0.8904347826086957
262,530,0.9217391304347826
2620,515,0.8956521739130435
2621,509,0.8852173913043478
2622,421,0.7321739130434782
2623,555,0.9652173913043478
2624,499,0.8678260869565217
2625,496,0.8626086956521739
2626,511,0.888695652173913
2627,547,0.951304347826087
2628,515,0.8956521739130435
2629,504,0.8765217391304347
263,495,0.8608695652173913
2630,525,0.9130434782608695
2631,466,0.8104347826086956
2632,526,0.9147826086956522
2633,73,0.12695652173913044
2634,532,0.9252173913043479
2635,479,0.8330434782608696
2636,526,0.9147826086956522
2637,541,0.9408695652173913
2638,520,0.9043478260869565
2639,537,0.9339130434782609
264,503,0.8747826086956522
2640,499,0.8678260869565217
2641,548,0.9530434782608695
2642,540,0.9391304347826087
2643,498,0.8660869565217392
2644,525,0.9130434782608695
2645,509,0.8852173913043478
2646,478,0.831304347826087
2647,508,0.8834782608695653
2648,448,0.7791304347826087
2649,240,0.41739130434782606
265,472,0.8208695652173913
2650,475,0.8260869565217391
2651,490,0.8521739130434782
2652,552,0.96
2653,520,0.9043478260869565
2654,503,0.8747826086956522
2655,543,0.9443478260869566
2656,543,0.9443478260869566
2657,547,0.951304347826087
2658,542,0.9426086956521739
2659,531,0.9234782608695652
266,528,0.9182608695652174
2660,502,0.8730434782608696
2661,522,0.9078260869565218
2662,421,0.7321739130434782
2663,477,0.8295652173913044
2664,503,0.8747826086956522
2665,537,0.9339130434782609
2666,523,0.9095652173913044
2667,518,0.9008695652173913
2668,515,0.8956521739130435
2669,492,0.8556521739130435
267,473,0.8226086956521739
2670,542,0.9426086956521739
2671,511,0.888695652173913
2672,91,0.1582608695652174
2673,483,0.84
2674,521,0.9060869565217391
2675,535,0.9304347826086956
2676,535,0.9304347826086956
2677,515,0.8956521739130435
2678,534,0.928695652173913
2679,538,0.9356521739130435
268,516,0.8973913043478261
2680,72,0.12521739130434784
2681,485,0.8434782608695652
2682,539,0.9373913043478261
2683,391,0.68
2684,362,0.6295652173913043
2685,518,0.9008695652173913
2686,532,0.9252173913043479
2687,472,0.8208695652173913
2688,416,0.7234782608695652
2689,314,0.5460869565217391
269,500,0.8695652173913043
2690,496,0.8626086956521739
2691,527,0.9165217391304348
2692,498,0.8660869565217392
2693,530,0.9217391304347826
2694,514,0.8939130434782608
2695,426,0.7408695652173913
2696,501,0.871304347826087
2697,491,0.8539130434782609
2698,473,0.8226086956521739
2699,467,0.8121739130434783
27,541,0.9408695652173913
270,478,0.831304347826087
2700,492,0.8556521739130435
2701,534,0.928695652173913
2702,53,0.09217391304347826
2703,63,0.10956521739130434
2704,523,0.9095652173913044
2705,526,0.9147826086956522
2706,515,0.8956521739130435
2707,167,0.29043478260869565
2708,517,0.8991304347826087
2709,505,0.8782608695652174
271,511,0.888695652173913
2710,464,0.8069565217391305
2711,495,0.8608695652173913
2712,407,0.7078260869565217
2713,484,0.8417391304347827
2714,520,0.9043478260869565
2715,98,0.17043478260869566
2716,507,0.8817391304347826
2717,499,0.8678260869565217
2718,494,0.8591304347826086
2719,466,0.8104347826086956
272,545,0.9478260869565217
2720,59,0.10260869565217391
2721,543,0.9443478260869566
2722,525,0.9130434782608695
2723,518,0.9008695652173913
2724,459,0.7982608695652174
2725,521,0.9060869565217391
2726,487,0.8469565217391304
2727,547,0.951304347826087
2728,542,0.9426086956521739
2729,524,0.9113043478260869
273,506,0.88
2730,525,0.9130434782608695
2731,478,0.831304347826087
2732,483,0.84
2733,141,0.24521739130434783
2734,423,0.7356521739130435
2735,420,0.7304347826086957
2736,442,0.768695652173913
2737,540,0.9391304347826087
2738,314,0.5460869565217391
2739,501,0.871304347826087
274,546,0.9495652173913044
2740,518,0.9008695652173913
2741,529,0.92
2742,540,0.9391304347826087
2743,532,0.9252173913043479
2744,516,0.8973913043478261
2745,410,0.7130434782608696
2746,524,0.9113043478260869
2747,420,0.7304347826086957
2748,503,0.8747826086956522
2749,520,0.9043478260869565
275,538,0.9356521739130435
2750,375,0.6521739130434783
2751,500,0.8695652173913043
2752,500,0.8695652173913043
2753,512,0.8904347826086957
2754,518,0.9008695652173913
2755,514,0.8939130434782608
2756,519,0.9026086956521739
2757,523,0.9095652173913044
2758,505,0.8782608695652174
2759,488,0.8486956521739131
276,529,0.92
2760,525,0.9130434782608695
2761,512,0.8904347826086957
2762,529,0.92
2763,447,0.7773913043478261
2764,516,0.8973913043478261
2765,477,0.8295652173913044
2766,504,0.8765217391304347
2767,533,0.9269565217391305
2768,420,0.7304347826086957
2769,537,0.9339130434782609
277,530,0.9217391304347826
2770,487,0.8469565217391304
2771,497,0.8643478260869565
2772,508,0.8834782608695653
2773,520,0.9043478260869565
2774,521,0.9060869565217391
2775,531,0.9234782608695652
2776,472,0.8208695652173913
2777,511,0.888695652173913
2778,510,0.8869565217391304
2779,530,0.9217391304347826
278,65,0.11304347826086956
2780,538,0.9356521739130435
2781,542,0.9426086956521739
2782,543,0.9443478260869566
2783,412,0.7165217391304348
2784,538,0.9356521739130435
2785,503,0.8747826086956522
2786,458,0.7965217391304348
2787,511,0.888695652173913
2788,384,0.6678260869565218
2789,382,0.6643478260869565
279,481,0.8365217391304348
2790,427,0.7426086956521739
2791,505,0.8782608695652174
2792,519,0.9026086956521739
2793,500,0.8695652173913043
2794,452,0.7860869565217391
2795,158,0.2747826086956522
2796,511,0.888695652173913
2797,516,0.8973913043478261
2798,449,0.7808695652173913
2799,521,0.9060869565217391
28,527,0.9165217391304348
280,488,0.8486956521739131
2800,517,0.8991304347826087
2801,537,0.9339130434782609
2802,451,0.7843478260869565
2803,527,0.9165217391304348
2804,470,0.8173913043478261
2805,512,0.8904347826086957
2806,476,0.8278260869565217
2807,524,0.9113043478260869
2808,503,0.8747826086956522
2809,464,0.8069565217391305
281,501,0.871304347826087
2810,520,0.9043478260869565
2811,428,0.7443478260869565
2812,459,0.7982608695652174
2813,515,0.8956521739130435
2814,521,0.9060869565217391
2815,524,0.9113043478260869
2816,511,0.888695652173913
2817,539,0.9373913043478261
2818,502,0.8730434782608696
2819,491,0.8539130434782609
282,542,0.9426086956521739
2820,523,0.9095652173913044
2821,414,0.72
2822,444,0.7721739130434783
2823,492,0.8556521739130435
2824,496,0.8626086956521739
2825,538,0.9356521739130435
2826,474,0.8243478260869566
2827,469,0.8156521739130435
2828,522,0.9078260869565218
2829,412,0.7165217391304348
283,514,0.8939130434782608
2830,356,0.6191304347826087
2831,485,0.8434782608695652
2832,492,0.8556521739130435
2833,57,0.09913043478260869
2834,426,0.7408695652173913
2835,463,0.8052173913043478
2836,525,0.9130434782608695
2837,503,0.8747826086956522
2838,477,0.8295652173913044
2839,509,0.8852173913043478
284,469,0.8156521739130435
2840,488,0.8486956521739131
2841,540,0.9391304347826087
2842,493,0.8573913043478261
2843,413,0.7182608695652174
2844,526,0.9147826086956522
2845,464,0.8069565217391305
2846,547,0.951304347826087
2847,466,0.8104347826086956
2848,286,0.4973913043478261
2849,415,0.7217391304347827
285,501,0.871304347826087
2850,538,0.9356521739130435
2851,530,0.9217391304347826
2852,518,0.9008695652173913
2853,527,0.9165217391304348
2854,498,0.8660869565217392
2855,492,0.8556521739130435
2856,531,0.9234782608695652
2857,547,0.951304347826087
2858,546,0.9495652173913044
2859,481,0.8365217391304348
286,510,0.8869565217391304
2860,518,0.9008695652173913
2861,538,0.9356521739130435
2862,510,0.8869565217391304
2863,460,0.8
2864,518,0.9008695652173913
2865,475,0.8260869565217391
2866,471,0.8191304347826087
2867,533,0.9269565217391305
2868,80,0.1391304347826087
2869,528,0.9182608695652174
287,428,0.7443478260869565
2870,455,0.7913043478260869
2871,461,0.8017391304347826
2872,528,0.9182608695652174
2873,525,0.9130434782608695
2874,410,0.7130434782608696
2875,486,0.8452173913043478
2876,476,0.8278260869565217
2877,529,0.92
2878,495,0.8608695652173913
2879,434,0.7547826086956522
288,498,0.8660869565217392
2880,517,0.8991304347826087
2881,520,0.9043478260869565
2882,494,0.8591304347826086
2883,513,0.8921739130434783
2884,499,0.8678260869565217
2885,509,0.8852173913043478
2886,380,0.6608695652173913
2887,522,0.9078260869565218
2888,535,0.9304347826086956
2889,510,0.8869565217391304
289,484,0.8417391304347827
2890,461,0.8017391304347826
2891,517,0.8991304347826087
2892,476,0.8278260869565217
2893,542,0.9426086956521739
2894,470,0.8173913043478261
2895,519,0.9026086956521739
2896,113,0.19652173913043477
2897,538,0.9356521739130435
2898,506,0.88
2899,539,0.9373913043478261
29,541,0.9408695652173913
290,382,0.6643478260869565
2900,537,0.9339130434782609
2901,528,0.9182608695652174
2902,542,0.9426086956521739
2903,66,0.11478260869565217
2904,493,0.8573913043478261
2905,402,0.6991304347826087
2906,435,0.7565217391304347
2907,474,0.8243478260869566
2908,464,0.8069565217391305
2909,508,0.8834782608695653
291,526,0.9147826086956522
2910,533,0.9269565217391305
2911,480,0.8347826086956521
2912,541,0.9408695652173913
2913,513,0.8921739130434783
2914,540,0.9391304347826087
2915,387,0.6730434782608695
2916,506,0.88
2917,511,0.888695652173913
2918,84,0.14608695652173914
2919,535,0.9304347826086956
292,484,0.8417391304347827
2920,490,0.8521739130434782
2921,132,0.22956521739130434
2922,452,0.7860869565217391
2923,492,0.8556521739130435
2924,520,0.9043478260869565
2925,505,0.8782608695652174
2926,474,0.8243478260869566
2927,540,0.9391304347826087
2928,512,0.8904347826086957
2929,451,0.7843478260869565
293,538,0.9356521739130435
2930,363,0.6313043478260869
2931,509,0.8852173913043478
2932,479,0.8330434782608696
2933,487,0.8469565217391304
2934,512,0.8904347826086957
2935,489,0.8504347826086956
2936,531,0.9234782608695652
2937,501,0.871304347826087
2938,501,0.871304347826087
2939,99,0.17217391304347826
294,539,0.9373913043478261
2940,514,0.8939130434782608
2941,500,0.8695652173913043
2942,506,0.88
2943,513,0.8921739130434783
2944,542,0.9426086956521739
2945,536,0.9321739130434783
2946,519,0.9026086956521739
2947,508,0.8834782608695653
2948,284,0.49391304347826087
2949,480,0.8347826086956521
295,482,0.8382608695652174
2950,533,0.9269565217391305
2951,511,0.888695652173913
2952,503,0.8747826086956522
2953,427,0.7426086956521739
2954,458,0.7965217391304348
2955,472,0.8208695652173913
2956,520,0.9043478260869565
2957,445,0.7739130434782608
2958,542,0.9426086956521739
2959,482,0.8382608695652174
296,520,0.9043478260869565
2960,525,0.9130434782608695
2961,433,0.7530434782608696
2962,495,0.8608695652173913
2963,513,0.8921739130434783
2964,523,0.9095652173913044
2965,497,0.8643478260869565
2966,488,0.8486956521739131
2967,516,0.8973913043478261
2968,497,0.8643478260869565
2969,512,0.8904347826086957
297,514,0.8939130434782608
2970,504,0.8765217391304347
2971,505,0.8782608695652174
2972,454,0.7895652173913044
2973,510,0.8869565217391304
2974,503,0.8747826086956522
2975,516,0.8973913043478261
2976,489,0.8504347826086956
2977,521,0.9060869565217391
2978,474,0.8243478260869566
2979,495,0.8608695652173913
298,518,0.9008695652173913
2980,549,0.9547826086956521
2981,539,0.9373913043478261
2982,518,0.9008695652173913
2983,547,0.951304347826087
2984,459,0.7982608695652174
2985,472,0.8208695652173913
2986,527,0.9165217391304348
2987,455,0.7913043478260869
2988,517,0.8991304347826087
2989,508,0.8834782608695653
299,79,0.1373913043478261
2990,509,0.8852173913043478
2991,524,0.9113043478260869
2992,532,0.9252173913043479
2993,537,0.9339130434782609
2994,542,0.9426086956521739
2995,546,0.9495652173913044
2996,417,0.7252173913043478
2997,355,0.6173913043478261
2998,538,0.9356521739130435
2999,465,0.808695652173913
3,480,0.8347826086956521
30,422,0.7339130434782609
300,531,0.9234782608695652
3000,509,0.8852173913043478
3001,453,0.7878260869565218
3002,524,0.9113043478260869
3003,422,0.7339130434782609
3004,473,0.8226086956521739
3005,502,0.8730434782608696
3006,506,0.88
3007,505,0.8782608695652174
3008,505,0.8782608695652174
3009,444,0.7721739130434783
301,513,0.8921739130434783
3010,480,0.8347826086956521
3011,480,0.8347826086956521
3012,472,0.8208695652173913
3013,509,0.8852173913043478
3014,524,0.9113043478260869
3015,461,0.8017391304347826
3016,542,0.9426086956521739
3017,534,0.928695652173913
3018,538,0.9356521739130435
3019,474,0.8243478260869566
302,445,0.7739130434782608
3020,549,0.9547826086956521
3021,511,0.888695652173913
3022,447,0.7773913043478261
3023,440,0.7652173913043478
3024,554,0.9634782608695652
3025,522,0.9078260869565218
3026,519,0.9026086956521739
3027,378,0.6573913043478261
3028,509,0.8852173913043478
3029,530,0.9217391304347826
303,510,0.8869565217391304
3030,541,0.9408695652173913
3031,495,0.8608695652173913
3032,510,0.8869565217391304
3033,524,0.9113043478260869
3034,550,0.9565217391304348
3035,510,0.8869565217391304
3036,539,0.9373913043478261
3037,504,0.8765217391304347
3038,541,0.9408695652173913
3039,506,0.88
304,479,0.8330434782608696
3040,490,0.8521739130434782
3041,468,0.8139130434782609
3042,400,0.6956521739130435
3043,508,0.8834782608695653
3044,538,0.9356521739130435
3045,479,0.8330434782608696
3046,545,0.9478260869565217
3047,520,0.9043478260869565
3048,460,0.8
3049,93,0.1617391304347826
305,516,0.8973913043478261
3050,511,0.888695652173913
3051,488,0.8486956521739131
3052,516,0.8973913043478261
3053,490,0.8521739130434782
3054,498,0.8660869565217392
3055,486,0.8452173913043478
3056,465,0.808695652173913
3057,37,0.06434782608695652
3058,465,0.808695652173913
3059,453,0.7878260869565218
306,539,0.9373913043478261
3060,510,0.8869565217391304
3061,420,0.7304347826086957
3062,528,0.9182608695652174
3063,460,0.8
3064,542,0.9426086956521739
3065,541,0.9408695652173913
3066,543,0.9443478260869566
3067,529,0.92
3068,512,0.8904347826086957
3069,501,0.871304347826087
307,527,0.9165217391304348
3070,482,0.8382608695652174
3071,499,0.8678260869565217
3072,185,0.3217391304347826
3073,445,0.7739130434782608
3074,525,0.9130434782608695
3075,382,0.6643478260869565
3076,533,0.9269565217391305
3077,508,0.8834782608695653
3078,524,0.9113043478260869
3079,445,0.7739130434782608
308,542,0.9426086956521739
3080,469,0.8156521739130435
3081,514,0.8939130434782608
3082,499,0.8678260869565217
3083,465,0.808695652173913
3084,491,0.8539130434782609
3085,490,0.8521739130434782
3086,367,0.6382608695652174
3087,525,0.9130434782608695
3088,547,0.951304347826087
3089,526,0.9147826086956522
309,512,0.8904347826086957
3090,524,0.9113043478260869
3091,513,0.8921739130434783
3092,539,0.9373913043478261
3093,527,0.9165217391304348
3094,507,0.8817391304347826
3095,386,0.671304347826087
3096,428,0.7443478260869565
3097,487,0.8469565217391304
3098,460,0.8
3099,525,0.9130434782608695
31,535,0.9304347826086956
310,513,0.8921739130434783
3100,534,0.928695652173913
3101,482,0.8382608695652174
3102,179,0.31130434782608696
3103,422,0.7339130434782609
3104,520,0.9043478260869565
3105,507,0.8817391304347826
3106,479,0.8330434782608696
3107,464,0.8069565217391305
3108,508,0.8834782608695653
3109,484,0.8417391304347827
311,530,0.9217391304347826
3110,498,0.8660869565217392
3111,503,0.8747826086956522
3112,457,0.7947826086956522
3113,542,0.9426086956521739
3114,508,0.8834782608695653
3115,501,0.871304347826087
3116,427,0.7426086956521739
312,475,0.8260869565217391
313,496,0.8626086956521739
314,134,0.23304347826086957
315,529,0.92
316,522,0.9078260869565218
317,511,0.888695652173913
318,530,0.9217391304347826
319,502,0.8730434782608696
32,532,0.9252173913043479
320,520,0.9043478260869565
321,494,0.8591304347826086
322,478,0.831304347826087
323,487,0.8469565217391304
324,503,0.8747826086956522
325,528,0.9182608695652174
326,543,0.9443478260869566
327,538,0.9356521739130435
328,512,0.8904347826086957
329,479,0.8330434782608696
33,421,0.7321739130434782
330,487,0.8469565217391304
331,518,0.9008695652173913
332,413,0.7182608695652174
333,545,0.9478260869565217
334,527,0.9165217391304348
335,511,0.888695652173913
336,431,0.7495652173913043
337,496,0.8626086956521739
338,541,0.9408695652173913
339,465,0.808695652173913
34,532,0.9252173913043479
340,441,0.7669565217391304
341,430,0.7478260869565218
342,504,0.8765217391304347
343,482,0.8382608695652174
344,534,0.928695652173913
345,521,0.9060869565217391
346,439,0.7634782608695653
347,504,0.8765217391304347
348,535,0.9304347826086956
349,487,0.8469565217391304
35,476,0.8278260869565217
350,37,0.06434782608695652
351,515,0.8956521739130435
352,379,0.6591304347826087
353,48,0.08347826086956522
354,400,0.6956521739130435
355,450,0.782608695652174
356,510,0.8869565217391304
357,540,0.9391304347826087
358,499,0.8678260869565217
359,500,0.8695652173913043
36,535,0.9304347826086956
360,309,0.5373913043478261
361,525,0.9130434782608695
362,477,0.8295652173913044
363,523,0.9095652173913044
364,512,0.8904347826086957
365,544,0.9460869565217391
366,498,0.8660869565217392
367,520,0.9043478260869565
368,487,0.8469565217391304
369,466,0.8104347826086956
37,509,0.8852173913043478
370,533,0.9269565217391305
371,531,0.9234782608695652
372,462,0.8034782608695652
373,461,0.8017391304347826
374,440,0.7652173913043478
375,440,0.7652173913043478
376,425,0.7391304347826086
377,435,0.7565217391304347
378,483,0.84
379,517,0.8991304347826087
38,516,0.8973913043478261
380,459,0.7982608695652174
381,475,0.8260869565217391
382,522,0.9078260869565218
383,525,0.9130434782608695
384,492,0.8556521739130435
385,463,0.8052173913043478
386,451,0.7843478260869565
387,498,0.8660869565217392
388,451,0.7843478260869565
389,504,0.8765217391304347
39,447,0.7773913043478261
390,415,0.7217391304347827
391,505,0.8782608695652174
392,522,0.9078260869565218
393,519,0.9026086956521739
394,525,0.9130434782608695
395,503,0.8747826086956522
396,499,0.8678260869565217
397,479,0.8330434782608696
398,495,0.8608695652173913
399,543,0.9443478260869566
4,533,0.9269565217391305
40,490,0.8521739130434782
400,525,0.9130434782608695
401,511,0.888695652173913
402,512,0.8904347826086957
403,454,0.7895652173913044
404,478,0.831304347826087
405,485,0.8434782608695652
406,462,0.8034782608695652
407,503,0.8747826086956522
408,509,0.8852173913043478
409,515,0.8956521739130435
41,518,0.9008695652173913
410,463,0.8052173913043478
411,519,0.9026086956521739
412,505,0.8782608695652174
413,510,0.8869565217391304
414,529,0.92
415,514,0.8939130434782608
416,463,0.8052173913043478
417,456,0.7930434782608695
418,504,0.8765217391304347
419,495,0.8608695652173913
42,522,0.9078260869565218
420,492,0.8556521739130435
421,516,0.8973913043478261
422,517,0.8991304347826087
423,535,0.9304347826086956
424,505,0.8782608695652174
425,498,0.8660869565217392
426,504,0.8765217391304347
427,341,0.5930434782608696
428,527,0.9165217391304348
429,533,0.9269565217391305
43,502,0.8730434782608696
430,523,0.9095652173913044
431,510,0.8869565217391304
432,487,0.8469565217391304
433,479,0.8330434782608696
434,297,0.5165217391304348
435,532,0.9252173913043479
436,550,0.9565217391304348
437,474,0.8243478260869566
438,544,0.9460869565217391
439,454,0.7895652173913044
44,523,0.9095652173913044
440,493,0.8573913043478261
441,534,0.928695652173913
442,423,0.7356521739130435
443,521,0.9060869565217391
444,90,0.1565217391304348
445,467,0.8121739130434783
446,496,0.8626086956521739
447,435,0.7565217391304347
448,528,0.9182608695652174
449,509,0.8852173913043478
45,518,0.9008695652173913
450,540,0.9391304347826087
451,475,0.8260869565217391
452,323,0.5617391304347826
453,355,0.6173913043478261
454,535,0.9304347826086956
455,511,0.888695652173913
456,526,0.9147826086956522
457,519,0.9026086956521739
458,358,0.6226086956521739
459,475,0.8260869565217391
46,505,0.8782608695652174
460,471,0.8191304347826087
461,522,0.9078260869565218
462,457,0.7947826086956522
463,503,0.8747826086956522
464,445,0.7739130434782608
465,547,0.951304347826087
466,456,0.7930434782608695
467,499,0.8678260869565217
468,381,0.662608695652174
469,515,0.8956521739130435
47,536,0.9321739130434783
470,500,0.8695652173913043
471,384,0.6678260869565218
472,487,0.8469565217391304
473,508,0.8834782608695653
474,494,0.8591304347826086
475,539,0.9373913043478261
476,488,0.8486956521739131
477,520,0.9043478260869565
478,548,0.9530434782608695
479,444,0.7721739130434783
48,490,0.8521739130434782
480,314,0.5460869565217391
481,538,0.9356521739130435
482,425,0.7391304347826086
483,503,0.8747826086956522
484,500,0.8695652173913043
485,425,0.7391304347826086
486,521,0.9060869565217391
487,508,0.8834782608695653
488,507,0.8817391304347826
489,485,0.8434782608695652
49,528,0.9182608695652174
490,522,0.9078260869565218
491,453,0.7878260869565218
492,496,0.8626086956521739
493,532,0.9252173913043479
494,470,0.8173913043478261
495,492,0.8556521739130435
496,513,0.8921739130434783
497,505,0.8782608695652174
498,477,0.8295652173913044
499,492,0.8556521739130435
5,533,0.9269565217391305
50,508,0.8834782608695653
500,317,0.551304347826087
501,539,0.9373913043478261
502,513,0.8921739130434783
503,534,0.928695652173913
504,514,0.8939130434782608
505,514,0.8939130434782608
506,542,0.9426086956521739
507,502,0.8730434782608696
508,541,0.9408695652173913
509,461,0.8017391304347826
51,489,0.8504347826086956
510,502,0.8730434782608696
511,496,0.8626086956521739
512,460,0.8
513,480,0.8347826086956521
514,431,0.7495652173913043
515,491,0.8539130434782609
516,501,0.871304347826087
517,544,0.9460869565217391
518,452,0.7860869565217391
519,488,0.8486956521739131
52,516,0.8973913043478261
520,533,0.9269565217391305
521,443,0.7704347826086957
522,479,0.8330434782608696
523,532,0.9252173913043479
524,495,0.8608695652173913
525,499,0.8678260869565217
526,441,0.7669565217391304
527,430,0.7478260869565218
528,463,0.8052173913043478
529,535,0.9304347826086956
53,503,0.8747826086956522
530,490,0.8521739130434782
531,511,0.888695652173913
532,443,0.7704347826086957
533,523,0.9095652173913044
534,506,0.88
535,412,0.7165217391304348
536,552,0.96
537,483,0.84
538,535,0.9304347826086956
539,507,0.8817391304347826
54,490,0.8521739130434782
540,517,0.8991304347826087
541,454,0.7895652173913044
542,462,0.8034782608695652
543,537,0.9339130434782609
544,448,0.7791304347826087
545,351,0.6104347826086957
546,459,0.7982608695652174
547,513,0.8921739130434783
548,537,0.9339130434782609
549,512,0.8904347826086957
55,520,0.9043478260869565
550,525,0.9130434782608695
551,524,0.9113043478260869
552,406,0.7060869565217391
553,539,0.9373913043478261
554,497,0.8643478260869565
555,509,0.8852173913043478
556,520,0.9043478260869565
557,468,0.8139130434782609
558,522,0.9078260869565218
559,527,0.9165217391304348
56,476,0.8278260869565217
560,487,0.8469565217391304
561,420,0.7304347826086957
562,524,0.9113043478260869
563,544,0.9460869565217391
564,469,0.8156521739130435
565,514,0.8939130434782608
566,428,0.7443478260869565
567,532,0.9252173913043479
568,500,0.8695652173913043
569,416,0.7234782608695652
57,525,0.9130434782608695
570,522,0.9078260869565218
571,475,0.8260869565217391
572,523,0.9095652173913044
573,538,0.9356521739130435
574,499,0.8678260869565217
575,484,0.8417391304347827
576,396,0.688695652173913
577,455,0.7913043478260869
578,553,0.9617391304347827
579,423,0.7356521739130435
58,510,0.8869565217391304
580,534,0.928695652173913
581,545,0.9478260869565217
582,479,0.8330434782608696
583,448,0.7791304347826087
584,540,0.9391304347826087
585,479,0.8330434782608696
586,520,0.9043478260869565
587,530,0.9217391304347826
588,501,0.871304347826087
589,536,0.9321739130434783
59,511,0.888695652173913
590,498,0.8660869565217392
591,509,0.8852173913043478
592,527,0.9165217391304348
593,512,0.8904347826086957
594,540,0.9391304347826087
595,485,0.8434782608695652
596,448,0.7791304347826087
597,367,0.6382608695652174
598,506,0.88
599,493,0.8573913043478261
6,490,0.8521739130434782
60,370,0.6434782608695652
600,544,0.9460869565217391
601,456,0.7930434782608695
602,503,0.8747826086956522
603,413,0.7182608695652174
604,526,0.9147826086956522
605,515,0.8956521739130435
606,519,0.9026086956521739
607,507,0.8817391304347826
608,507,0.8817391304347826
609,462,0.8034782608695652
61,520,0.9043478260869565
610,487,0.8469565217391304
611,71,0.12347826086956522
612,392,0.6817391304347826
613,519,0.9026086956521739
614,527,0.9165217391304348
615,496,0.8626086956521739
616,538,0.9356521739130435
617,283,0.49217391304347824
618,522,0.9078260869565218
619,477,0.8295652173913044
62,463,0.8052173913043478
620,539,0.9373913043478261
621,479,0.8330434782608696
622,500,0.8695652173913043
623,515,0.8956521739130435
624,456,0.7930434782608695
625,450,0.782608695652174
626,79,0.1373913043478261
627,496,0.8626086956521739
628,500,0.8695652173913043
629,439,0.7634782608695653
63,490,0.8521739130434782
630,544,0.9460869565217391
631,505,0.8782608695652174
632,524,0.9113043478260869
633,531,0.9234782608695652
634,486,0.8452173913043478
635,512,0.8904347826086957
636,517,0.8991304347826087
637,481,0.8365217391304348
638,499,0.8678260869565217
639,440,0.7652173913043478
64,512,0.8904347826086957
640,478,0.831304347826087
641,471,0.8191304347826087
642,532,0.9252173913043479
643,540,0.9391304347826087
644,109,0.18956521739130436
645,87,0.15130434782608695
646,542,0.9426086956521739
647,527,0.9165217391304348
648,520,0.9043478260869565
649,486,0.8452173913043478
65,420,0.7304347826086957
650,436,0.7582608695652174
651,510,0.8869565217391304
652,537,0.9339130434782609
653,513,0.8921739130434783
654,483,0.84
655,530,0.9217391304347826
656,521,0.9060869565217391
657,410,0.7130434782608696
658,542,0.9426086956521739
659,467,0.8121739130434783
66,53,0.09217391304347826
660,530,0.9217391304347826
661,533,0.9269565217391305
662,543,0.9443478260869566
663,492,0.8556521739130435
664,536,0.9321739130434783
665,542,0.9426086956521739
666,94,0.1634782608695652
667,531,0.9234782608695652
668,502,0.8730434782608696
669,471,0.8191304347826087
67,472,0.8208695652173913
670,500,0.8695652173913043
671,400,0.6956521739130435
672,541,0.9408695652173913
673,539,0.9373913043478261
674,103,0.1791304347826087
675,525,0.9130434782608695
676,550,0.9565217391304348
677,524,0.9113043478260869
678,446,0.7756521739130435
679,526,0.9147826086956522
68,459,0.7982608695652174
680,548,0.9530434782608695
681,531,0.9234782608695652
682,501,0.871304347826087
683,556,0.9669565217391304
684,476,0.8278260869565217
685,489,0.8504347826086956
686,529,0.92
687,527,0.9165217391304348
688,484,0.8417391304347827
689,416,0.7234782608695652
69,543,0.9443478260869566
690,521,0.9060869565217391
691,522,0.9078260869565218
692,481,0.8365217391304348
693,513,0.8921739130434783
694,433,0.7530434782608696
695,414,0.72
696,499,0.8678260869565217
697,174,0.3026086956521739
698,488,0.8486956521739131
699,384,0.6678260869565218
7,546,0.9495652173913044
70,524,0.9113043478260869
700,514,0.8939130434782608
701,547,0.951304347826087
702,503,0.8747826086956522
703,494,0.8591304347826086
704,528,0.9182608695652174
705,392,0.6817391304347826
706,527,0.9165217391304348
707,279,0.4852173913043478
708,505,0.8782608695652174
709,427,0.7426086956521739
71,538,0.9356521739130435
710,88,0.15304347826086956
711,454,0.7895652173913044
712,517,0.8991304347826087
713,499,0.8678260869565217
714,529,0.92
715,484,0.8417391304347827
716,479,0.8330434782608696
717,520,0.9043478260869565
718,480,0.8347826086956521
719,464,0.8069565217391305
72,524,0.9113043478260869
720,463,0.8052173913043478
721,532,0.9252173913043479
722,507,0.8817391304347826
723,509,0.8852173913043478
724,426,0.7408695652173913
725,410,0.7130434782608696
726,496,0.8626086956521739
727,543,0.9443478260869566
728,390,0.6782608695652174
729,491,0.8539130434782609
73,371,0.6452173913043479
730,544,0.9460869565217391
731,511,0.888695652173913
732,421,0.7321739130434782
733,502,0.8730434782608696
734,471,0.8191304347826087
735,486,0.8452173913043478
736,481,0.8365217391304348
737,413,0.7182608695652174
738,501,0.871304347826087
739,546,0.9495652173913044
74,389,0.6765217391304348
740,486,0.8452173913043478
741,474,0.8243478260869566
742,532,0.9252173913043479
743,476,0.8278260869565217
744,470,0.8173913043478261
745,533,0.9269565217391305
746,483,0.84
747,497,0.8643478260869565
748,535,0.9304347826086956
749,542,0.9426086956521739
75,521,0.9060869565217391
750,531,0.9234782608695652
751,424,0.7373913043478261
752,495,0.8608695652173913
753,472,0.8208695652173913
754,502,0.8730434782608696
755,503,0.8747826086956522
756,449,0.7808695652173913
757,71,0.12347826086956522
758,535,0.9304347826086956
759,515,0.8956521739130435
76,487,0.8469565217391304
760,493,0.8573913043478261
761,502,0.8730434782608696
762,510,0.8869565217391304
763,524,0.9113043478260869
764,526,0.9147826086956522
765,492,0.8556521739130435
766,548,0.9530434782608695
767,331,0.5756521739130435
768,517,0.8991304347826087
769,493,0.8573913043478261
77,538,0.9356521739130435
770,521,0.9060869565217391
771,474,0.8243478260869566
772,518,0.9008695652173913
773,535,0.9304347826086956
774,490,0.8521739130434782
775,536,0.9321739130434783
776,507,0.8817391304347826
777,425,0.7391304347826086
778,527,0.9165217391304348
779,519,0.9026086956521739
78,338,0.5878260869565217
780,520,0.9043478260869565
781,528,0.9182608695652174
782,542,0.9426086956521739
783,515,0.8956521739130435
784,539,0.9373913043478261
785,420,0.7304347826086957
786,504,0.8765217391304347
787,469,0.8156521739130435
788,513,0.8921739130434783
789,494,0.8591304347826086
79,496,0.8626086956521739
790,488,0.8486956521739131
791,507,0.8817391304347826
792,512,0.8904347826086957
793,510,0.8869565217391304
794,552,0.96
795,519,0.9026086956521739
796,456,0.7930434782608695
797,469,0.8156521739130435
798,441,0.7669565217391304
799,508,0.8834782608695653
8,513,0.8921739130434783
80,169,0.29391304347826086
800,488,0.8486956521739131
801,485,0.8434782608695652
802,513,0.8921739130434783
803,529,0.92
804,508,0.8834782608695653
805,540,0.9391304347826087
806,520,0.9043478260869565
807,504,0.8765217391304347
808,503,0.8747826086956522
809,538,0.9356521739130435
81,529,0.92
810,489,0.8504347826086956
811,418,0.7269565217391304
812,451,0.7843478260869565
813,465,0.808695652173913
814,512,0.8904347826086957
815,547,0.951304347826087
816,539,0.9373913043478261
817,391,0.68
818,516,0.8973913043478261
819,551,0.9582608695652174
82,432,0.7513043478260869
820,496,0.8626086956521739
821,507,0.8817391304347826
822,161,0.28
823,480,0.8347826086956521
824,445,0.7739130434782608
825,493,0.8573913043478261
826,515,0.8956521739130435
827,418,0.7269565217391304
828,536,0.9321739130434783
829,510,0.8869565217391304
83,472,0.8208695652173913
830,507,0.8817391304347826
831,467,0.8121739130434783
832,495,0.8608695652173913
833,519,0.9026086956521739
834,511,0.888695652173913
835,507,0.8817391304347826
836,488,0.8486956521739131
837,536,0.9321739130434783
838,503,0.8747826086956522
839,524,0.9113043478260869
84,438,0.7617391304347826
840,535,0.9304347826086956
841,508,0.8834782608695653
842,466,0.8104347826086956
843,443,0.7704347826086957
844,428,0.7443478260869565
845,156,0.271304347826087
846,467,0.8121739130434783
847,443,0.7704347826086957
848,496,0.8626086956521739
849,174,0.3026086956521739
85,510,0.8869565217391304
850,69,0.12
851,461,0.8017391304347826
852,523,0.9095652173913044
853,502,0.8730434782608696
854,485,0.8434782608695652
855,497,0.8643478260869565
856,523,0.9095652173913044
857,510,0.8869565217391304
858,501,0.871304347826087
859,446,0.7756521739130435
86,532,0.9252173913043479
860,550,0.9565217391304348
861,508,0.8834782608695653
862,421,0.7321739130434782
863,537,0.9339130434782609
864,452,0.7860869565217391
865,504,0.8765217391304347
866,480,0.8347826086956521
867,483,0.84
868,536,0.9321739130434783
869,546,0.9495652173913044
87,422,0.7339130434782609
870,521,0.9060869565217391
871,521,0.9060869565217391
872,520,0.9043478260869565
873,485,0.8434782608695652
874,546,0.9495652173913044
875,550,0.9565217391304348
876,547,0.951304347826087
877,458,0.7965217391304348
878,472,0.8208695652173913
879,548,0.9530434782608695
88,495,0.8608695652173913
880,519,0.9026086956521739
881,462,0.8034782608695652
882,53,0.09217391304347826
883,195,0.3391304347826087
884,462,0.8034782608695652
885,397,0.6904347826086956
886,494,0.8591304347826086
887,472,0.8208695652173913
888,482,0.8382608695652174
889,497,0.8643478260869565
89,521,0.9060869565217391
890,104,0.1808695652173913
891,514,0.8939130434782608
892,531,0.9234782608695652
893,478,0.831304347826087
894,516,0.8973913043478261
895,429,0.7460869565217392
896,526,0.9147826086956522
897,542,0.9426086956521739
898,424,0.7373913043478261
899,486,0.8452173913043478
9,504,0.8765217391304347
90,531,0.9234782608695652
900,512,0.8904347826086957
901,525,0.9130434782608695
902,486,0.8452173913043478
903,480,0.8347826086956521
904,488,0.8486956521739131
905,530,0.9217391304347826
906,477,0.8295652173913044
907,523,0.9095652173913044
908,509,0.8852173913043478
909,544,0.9460869565217391
91,511,0.888695652173913
910,522,0.9078260869565218
911,461,0.8017391304347826
912,480,0.8347826086956521
913,541,0.9408695652173913
914,505,0.8782608695652174
915,466,0.8104347826086956
916,525,0.9130434782608695
917,423,0.7356521739130435
918,533,0.9269565217391305
919,480,0.8347826086956521
92,512,0.8904347826086957
920,524,0.9113043478260869
921,515,0.8956521739130435
922,494,0.8591304347826086
923,515,0.8956521739130435
924,507,0.8817391304347826
925,542,0.9426086956521739
926,452,0.7860869565217391
927,408,0.7095652173913043
928,535,0.9304347826086956
929,516,0.8973913043478261
93,509,0.8852173913043478
930,546,0.9495652173913044
931,397,0.6904347826086956
932,501,0.871304347826087
933,514,0.8939130434782608
934,491,0.8539130434782609
935,516,0.8973913043478261
936,457,0.7947826086956522
937,517,0.8991304347826087
938,512,0.8904347826086957
939,468,0.8139130434782609
94,507,0.8817391304347826
940,539,0.9373913043478261
941,542,0.9426086956521739
942,34,0.059130434782608696
943,480,0.8347826086956521
944,492,0.8556521739130435
945,514,0.8939130434782608
946,461,0.8017391304347826
947,518,0.9008695652173913
948,478,0.831304347826087
949,543,0.9443478260869566
95,511,0.888695652173913
950,537,0.9339130434782609
951,459,0.7982608695652174
952,507,0.8817391304347826
953,511,0.888695652173913
954,474,0.8243478260869566
955,507,0.8817391304347826
956,313,0.5443478260869565
957,511,0.888695652173913
958,527,0.9165217391304348
959,442,0.768695652173913
96,527,0.9165217391304348
960,446,0.7756521739130435
961,497,0.8643478260869565
962,486,0.8452173913043478
963,510,0.8869565217391304
964,500,0.8695652173913043
965,517,0.8991304347826087
966,506,0.88
967,536,0.9321739130434783
968,495,0.8608695652173913
969,521,0.9060869565217391
97,512,0.8904347826086957
970,492,0.8556521739130435
971,493,0.8573913043478261
972,503,0.8747826086956522
973,491,0.8539130434782609
974,485,0.8434782608695652
975,472,0.8208695652173913
976,498,0.8660869565217392
977,427,0.7426086956521739
978,514,0.8939130434782608
979,513,0.8921739130434783
98,525,0.9130434782608695
980,347,0.6034782608695652
981,457,0.7947826086956522
982,472,0.8208695652173913
983,522,0.9078260869565218
984,514,0.8939130434782608
985,517,0.8991304347826087
986,497,0.8643478260869565
987,459,0.7982608695652174
988,474,0.8243478260869566
989,484,0.8417391304347827
99,473,0.8226086956521739
990,533,0.9269565217391305
991,494,0.8591304347826086
992,461,0.8017391304347826
993,161,0.28
994,359,0.6243478260869565
995,542,0.9426086956521739
996,503,0.8747826086956522
997,532,0.9252173913043479
998,507,0.8817391304347826
999,484,0.8417391304347827
