,idVotant,Genre
0,PA606171,M.
1,PA721824,M.
2,PA719952,M.
3,PA607395,M.
4,PA718710,Mme
5,PA718802,M.
6,PA719032,M.
7,PA719100,M.
8,PA719108,M.
9,PA719154,M.
10,PA719230,M.
11,PA719388,Mme
12,PA719728,M.
13,PA719790,M.
14,PA719814,Mme
15,PA719830,M.
16,PA719882,Mme
17,PA719960,Mme
18,PA720022,M.
19,PA720030,M.
20,PA720108,Mme
21,PA720146,M.
22,PA720154,Mme
23,PA720268,M.
24,PA720754,M.
25,PA721158,M.
26,PA721450,Mme
27,PA721750,Mme
28,PA721776,M.
29,PA721844,Mme
30,PA722046,Mme
31,PA722094,Mme
32,PA722170,Mme
33,PA722228,M.
34,PA722336,M.
35,PA722194,Mme
36,PA721674,Mme
37,PA345722,Mme
38,PA720210,Mme
39,PA720644,M.
40,PA608826,Mme
41,PA266797,M.
42,PA719318,Mme
43,PA720630,M.
44,PA721506,Mme
45,PA266793,M.
46,PA720598,Mme
47,PA342415,Mme
48,PA608741,Mme
49,PA340357,Mme
50,PA642868,M.
51,PA267780,Mme
52,PA1838,M.
53,PA721194,Mme
54,PA722268,Mme
55,PA719608,Mme
56,PA721852,Mme
57,PA719024,M.
58,PA719080,Mme
59,PA719170,Mme
60,PA719372,M.
61,PA719420,M.
62,PA719684,Mme
63,PA719850,Mme
64,PA720298,Mme
65,PA720830,Mme
66,PA721134,M.
67,PA721344,M.
68,PA721542,Mme
69,PA722382,M.
70,PA1327,M.
71,PA608016,Mme
72,PA718978,M.
73,PA720652,M.
74,PA607553,M.
75,PA719930,M.
76,PA720422,M.
77,PA720846,M.
78,PA720892,Mme
79,PA721202,M.
80,PA721210,M.
81,PA718926,M.
82,PA721270,M.
83,PA331582,M.
84,PA643127,M.
85,PA720790,M.
86,PA607595,M.
87,PA720492,Mme
88,PA718954,M.
89,PA719186,Mme
90,PA719242,M.
91,PA719472,M.
92,PA719540,Mme
93,PA719616,M.
94,PA719710,Mme
95,PA719740,M.
96,PA719756,Mme
97,PA719798,M.
98,PA719890,Mme
99,PA719922,M.
100,PA719994,Mme
101,PA643175,Mme
102,PA720222,M.
103,PA720362,M.
104,PA720446,Mme
105,PA720500,Mme
106,PA720520,Mme
107,PA720622,Mme
108,PA720738,M.
109,PA720862,M.
110,PA720878,M.
111,PA720900,Mme
112,PA720908,Mme
113,PA721150,M.
114,PA721246,Mme
115,PA721584,M.
116,PA721656,Mme
117,PA721916,Mme
118,PA722150,M.
119,PA722366,M.
120,PA642695,M.
121,PA1874,M.
122,PA746,M.
123,PA266808,M.
124,PA2960,M.
125,PA718850,M.
126,PA266776,M.
127,PA605036,M.
128,PA330008,M.
129,PA267450,M.
130,PA605991,Mme
131,PA719272,Mme
132,PA720386,M.
133,PA642847,M.
134,PA721678,M.
135,PA720746,M.
136,PA720334,M.
137,PA720728,M.
138,PA721924,Mme
139,PA719918,M.
140,PA340343,M.
141,PA605069,M.
142,PA332614,M.
143,PA608172,Mme
144,PA609590,Mme
145,PA2952,M.
146,PA720230,Mme
147,PA721632,Mme
148,PA942,M.
149,PA405480,M.
150,PA607619,M.
151,PA719138,M.
152,PA718720,M.
153,PA332747,M.
154,PA722398,M.
155,PA719118,M.
156,PA719668,Mme
157,PA605963,M.
158,PA718674,Mme
159,PA718694,M.
160,PA718736,Mme
161,PA718930,Mme
162,PA718962,M.
163,PA719006,M.
164,PA719060,M.
165,PA719092,Mme
166,PA719162,Mme
167,PA719250,M.
168,PA719338,Mme
169,PA719412,Mme
170,PA719980,M.
171,PA720054,M.
172,PA720214,Mme
173,PA720318,Mme
174,PA720378,M.
175,PA720394,Mme
176,PA720560,Mme
177,PA720576,M.
178,PA720590,M.
179,PA720780,M.
180,PA720870,M.
181,PA721218,Mme
182,PA721466,M.
183,PA721498,M.
184,PA721514,Mme
185,PA721568,M.
186,PA721616,M.
187,PA721644,M.
188,PA721726,Mme
189,PA721784,Mme
190,PA721946,M.
191,PA722008,Mme
192,PA722244,Mme
193,PA724827,Mme
194,PA332523,Mme
195,PA721410,Mme
196,PA608416,M.
197,PA721286,M.
198,PA721734,M.
199,PA719640,Mme
200,PA720720,Mme
201,PA721234,Mme
202,PA721836,M.
203,PA721976,M.
204,PA333421,M.
205,PA721062,M.
206,PA722142,M.
207,PA720692,M.
208,PA721296,M.
209,PA718810,Mme
210,PA677483,M.
211,PA719202,M.
212,PA719294,Mme
213,PA719866,Mme
214,PA720124,Mme
215,PA720454,M.
216,PA720806,Mme
217,PA721024,Mme
218,PA721352,Mme
219,PA721888,M.
220,PA721908,Mme
221,PA722070,M.
222,PA718784,M.
223,PA721984,M.
224,PA721486,M.
225,PA718868,M.
226,PA720430,M.
227,PA721960,Mme
228,PA722202,M.
229,PA720546,M.
230,PA755549,M.
231,PA721932,Mme
232,PA721262,M.
233,PA606202,Mme
234,PA717379,M.
235,PA719440,M.
236,PA719512,Mme
237,PA721142,Mme
238,PA721278,M.
239,PA721426,Mme
240,PA721434,Mme
241,PA721710,Mme
242,PA722038,M.
243,PA722292,M.
244,PA721742,Mme
245,PA722374,M.
246,PA720468,M.
247,PA718728,Mme
248,PA672,M.
249,PA718756,Mme
250,PA719350,Mme
251,PA719364,Mme
252,PA719550,Mme
253,PA719692,M.
254,PA719770,M.
255,PA719858,Mme
256,PA720116,Mme
257,PA720170,Mme
258,PA720202,Mme
259,PA720854,M.
260,PA720960,M.
261,PA721328,Mme
262,PA721600,Mme
263,PA722022,Mme
264,PA722062,Mme
265,PA722178,M.
266,PA702054,M.
267,PA719326,Mme
268,PA722090,Mme
269,PA720516,Mme
270,PA719736,Mme
271,PA606098,M.
272,PA721816,M.
273,PA643089,M.
274,PA721832,Mme
275,PA722308,Mme
276,PA719488,M.
277,PA720256,Mme
278,PA720326,M.
279,PA721182,M.
280,PA722162,M.
281,PA720568,Mme
282,PA342601,M.
283,PA720286,Mme
284,PA722126,M.
285,PA721896,Mme
286,PA719194,Mme
287,PA720162,M.
288,PA336175,Mme
289,PA606507,M.
290,PA720944,Mme
291,PA721702,M.
292,PA330240,M.
293,PA267200,M.
294,PA267429,M.
295,PA609726,M.
296,PA720684,M.
297,PA643103,M.
298,PA720100,M.
299,PA721474,M.
300,PA721418,M.
301,PA719266,M.
302,PA719558,M.
303,PA719874,Mme
304,PA268019,M.
305,PA267330,M.
306,PA1198,Mme
307,PA1592,M.
308,PA608695,Mme
309,PA267306,M.
310,PA720996,M.
311,PA2828,M.
312,PA721880,Mme
313,PA718744,Mme
314,PA719330,M.
315,PA719624,Mme
316,PA719660,Mme
317,PA719748,Mme
318,PA720066,Mme
319,PA720552,Mme
320,PA720916,Mme
321,PA721364,M.
322,PA722102,Mme
323,PA923,M.
324,PA712015,M.
325,PA748954,M.
326,PA720976,M.
327,PA702052,Mme
328,PA332228,M.
329,PA337483,M.
330,PA643145,Mme
331,PA719146,M.
332,PA2150,M.
333,PA610667,M.
334,PA721118,M.
335,PA719632,Mme
336,PA719718,Mme
337,PA720538,Mme
338,PA721372,M.
339,PA722000,M.
340,PA267204,M.
341,PA721530,Mme
342,PA2449,M.
343,PA719592,M.
344,PA719652,Mme
345,PA719778,M.
346,PA719972,Mme
347,PA720138,Mme
348,PA720190,M.
349,PA720278,M.
350,PA720414,M.
351,PA721166,Mme
352,PA721458,M.
353,PA2377,M.
354,PA856,M.
355,PA2155,M.
356,PA720586,M.
357,PA267324,M.
358,PA267527,M.
359,PA718838,M.
360,PA721968,M.
361,PA267735,M.
362,PA267785,M.
363,PA267318,M.
364,PA718884,Mme
365,PA346054,M.
366,PA330909,M.
367,PA1695,M.
368,PA720764,Mme
369,PA720968,Mme
370,PA722284,M.
371,PA610775,M.
372,PA722110,M.
373,PA722252,Mme
374,PA718944,Mme
375,PA720402,M.
376,PA720480,Mme
377,PA643205,Mme
378,PA331835,Mme
379,PA719520,M.
380,PA719310,Mme
381,PA719496,M.
382,PA719570,Mme
383,PA720014,Mme
384,PA718780,Mme
385,PA720092,M.
386,PA609332,M.
387,PA719578,M.
388,PA718682,M.
389,PA719130,Mme
390,PA720046,Mme
391,PA721522,M.
392,PA722134,M.
393,PA722320,M.
394,PA720696,Mme
395,PA333285,M.
396,PA718860,Mme
397,PA719676,Mme
398,PA721226,Mme
399,PA718794,Mme
400,PA720342,Mme
401,PA721036,M.
402,PA721624,Mme
403,PA722344,M.
404,PA267440,M.
405,PA722030,M.
406,PA335999,Mme
407,PA335612,M.
408,PA719480,M.
409,PA721314,M.
410,PA721608,M.
411,PA421348,M.
412,PA607155,M.
413,PA718876,M.
414,PA718894,M.
415,PA719700,M.
416,PA336316,M.
417,PA760658,M.
418,PA1276,M.
419,PA718910,Mme
420,PA719842,M.
421,PA720074,Mme
422,PA720932,M.
423,PA721336,Mme
424,PA689,Mme
425,PA718768,Mme
426,PA608641,M.
427,PA719456,Mme
428,PA720354,M.
429,PA720370,M.
430,PA267901,M.
431,PA1008,M.
432,PA720988,Mme
433,PA588884,Mme
434,PA717167,M.
435,PA719448,Mme
436,PA720952,M.
437,PA722260,M.
438,PA642935,M.
439,PA712014,M.
440,PA719072,M.
441,PA719218,M.
442,PA721398,Mme
443,PA1809,M.
444,PA720614,Mme
445,PA720606,M.
446,PA720664,M.
447,PA720822,M.
448,PA722390,Mme
449,PA508,Mme
450,PA334768,M.
451,PA267289,M.
452,PA643134,Mme
453,PA721126,Mme
454,PA721792,Mme
455,PA721808,Mme
456,PA722300,Mme
457,PA267378,Mme
458,PA267042,M.
459,PA721094,M.
460,PA718990,Mme
461,PA719528,M.
462,PA719822,Mme
463,PA607090,M.
464,PA719044,Mme
465,PA719942,M.
466,PA721996,M.
467,PA605518,M.
468,PA608292,Mme
469,PA719286,M.
470,PA721560,M.
471,PA643157,M.
472,PA721110,Mme
473,PA718918,Mme
474,PA719052,M.
475,PA719302,Mme
476,PA719396,M.
477,PA719404,M.
478,PA719600,M.
479,PA720814,M.
480,PA721004,Mme
481,PA767,M.
482,PA720772,M.
483,PA335054,Mme
484,PA607193,Mme
485,PA721690,M.
486,PA719504,M.
487,PA267355,M.
488,PA721718,Mme
489,PA722312,Mme
490,PA722240,M.
491,PA1012,M.
492,PA713448,Mme
493,PA267766,M.
494,PA719464,M.
495,PA334116,Mme
496,PA720438,M.
497,PA720310,M.
498,PA722118,Mme
499,PA718902,M.
500,PA266788,M.
501,PA721872,Mme
502,PA722218,Mme
503,PA720246,M.
504,PA342240,M.
505,PA342196,Mme
506,PA695100,M.
507,PA719436,M.
508,PA720704,Mme
509,PA267260,Mme
510,PA642764,M.
511,PA721012,Mme
512,PA721384,Mme
513,PA605131,M.
514,PA722082,Mme
515,PA722280,M.
516,PA333818,M.
517,PA774960,Mme
518,PA720488,Mme
519,PA719946,M.
520,PA709315,M.
521,PA774954,Mme
522,PA605694,M.
523,PA721046,Mme
524,PA346876,M.
525,PA720928,M.
526,PA719258,M.
527,PA342935,Mme
528,PA720178,M.
529,PA606639,M.
530,PA605084,M.
531,PA1206,M.
532,PA343493,M.
533,PA642724,M.
534,PA2796,M.
535,PA719210,M.
536,PA721800,M.
537,PA721864,Mme
538,PA721054,M.
539,PA759192,M.
540,PA2529,M.
541,PA1630,M.
542,PA2492,M.
543,PA1029,M.
544,PA223837,M.
545,PA267794,Mme
546,PA721636,M.
547,PA330788,M.
548,PA721070,Mme
549,PA336439,M.
550,PA720038,Mme
551,PA722358,M.
552,PA610654,M.
553,PA721174,M.
554,PA267337,Mme
555,PA721538,Mme
556,PA721576,Mme
557,PA719020,Mme
558,PA720672,M.
559,PA604,M.
560,PA774952,M.
561,PA774956,M.
562,PA719002,M.
563,PA720006,M.
564,PA643004,M.
565,PA774958,M.
566,PA643192,Mme
567,PA721768,Mme
568,PA774962,Mme
569,PA721666,Mme
570,PA720802,Mme
571,PA331567,Mme
572,PA719806,Mme
573,PA717151,Mme
574,PA998,M.
